City,Date,Temperature_C,Rainfall_mm,Wind_Speed_kph
London,2024-06-21,13.1,1.9,34.1
Cardiff,2024-11-28,-3.9,12.9,46.9
Manchester,2024-01-24,2.1,3.6,9.3
Birmingham,2024-03-22,18.3,6.6,42.9
Edinburgh,2024-02-15,21.8,15.8,25.4
Glasgow,2024-04-09,18.2,5.0,12.9
London,2024-06-26,26.0,0.7,46.3
Cardiff,2024-03-07,16.0,15.7,34.7
Manchester,2024-01-08,25.7,16.1,18.2
Birmingham,2024-08-17,-4.7,3.1,9.0
Edinburgh,2024-04-02,0.1,12.0,20.9
Glasgow,2024-08-16,12.2,2.6,32.1
London,2024-07-11,-2.5,18.3,34.8
Cardiff,2024-05-05,16.4,2.0,49.9
Manchester,2024-10-10,29.5,3.7,48.2
Birmingham,2024-11-07,8.7,3.4,10.2
Edinburgh,2024-01-24,11.2,15.4,41.8
Glasgow,2024-10-30,12.2,3.2,34.9
London,2024-12-10,5.3,10.7,46.8
Cardiff,2024-04-11,23.4,9.2,10.9
Manchester,2024-07-03,2.0,2.4,35.4
Birmingham,2024-03-04,25.2,4.0,0.6
Edinburgh,2024-01-31,14.2,4.0,46.0
Glasgow,2024-10-06,21.9,19.6,38.4
London,2024-09-24,13.0,18.1,0.4
Cardiff,2024-06-02,10.2,13.6,7.9
Manchester,2024-06-04,10.8,13.9,26.4
Birmingham,2024-08-21,-2.1,7.0,26.8
Edinburgh,2024-11-06,11.6,1.7,21.6
Glasgow,2024-03-12,5.8,1.4,23.1
London,2024-02-24,-1.3,5.2,21.6
Cardiff,2024-10-20,0.7,0.5,0.7
Manchester,2024-05-31,-1.3,16.0,37.5
Birmingham,2024-01-27,7.4,10.6,48.1
Edinburgh,2024-08-30,24.1,10.7,17.0
Glasgow,2024-03-28,19.1,18.0,21.8
London,2024-02-21,6.5,15.3,4.8
Cardiff,2024-02-05,11.3,3.9,17.7
Manchester,2024-06-13,4.8,6.5,5.6
Birmingham,2024-02-14,27.6,14.4,34.4
Edinburgh,2024-11-02,21.6,15.9,23.2
Glasgow,2024-06-22,7.7,1.3,26.7
London,2024-05-31,7.1,16.5,7.0
Cardiff,2024-02-16,2.6,0.1,0.9
Manchester,2024-08-10,11.6,7.8,29.1
Birmingham,2024-09-03,19.3,4.1,19.4
Edinburgh,2024-03-24,-1.1,1.0,18.9
Glasgow,2024-04-15,-2.7,8.7,34.7
London,2024-09-03,-3.9,3.3,44.4
Cardiff,2024-01-17,26.2,11.0,4.6
Manchester,2024-05-21,-3.7,2.3,9.3
Birmingham,2024-03-26,7.0,11.2,7.1
Edinburgh,2024-11-27,4.5,12.4,43.0
Glasgow,2024-01-09,6.2,1.7,2.9
London,2024-02-16,23.8,4.9,22.1
Cardiff,2024-03-12,25.5,2.1,21.9
Manchester,2024-12-01,17.2,5.9,12.8
Birmingham,2024-06-11,12.8,12.1,44.3
Edinburgh,2024-06-18,6.4,12.9,40.5
Glasgow,2024-05-30,27.1,5.4,10.1
London,2024-06-23,12.4,2.1,9.0
Cardiff,2024-05-07,20.5,9.3,4.6
Manchester,2024-04-05,-1.3,3.6,46.7
Birmingham,2024-05-23,26.2,18.3,4.8
Edinburgh,2024-02-22,8.3,2.7,8.2
Glasgow,2024-04-16,2.1,10.9,2.5
London,2024-02-16,26.1,15.5,27.2
Cardiff,2024-07-07,10.8,14.8,0.8
Manchester,2024-03-06,3.0,6.3,35.8
Birmingham,2024-09-20,27.1,10.1,3.9
Edinburgh,2024-03-04,15.1,16.8,0.8
Glasgow,2024-05-04,29.7,17.8,25.5
London,2024-06-19,-4.6,2.1,34.2
Cardiff,2024-01-21,22.3,14.9,12.4
Manchester,2024-10-24,12.1,0.3,42.6
Birmingham,2024-10-26,-3.4,3.1,43.1
Edinburgh,2024-08-02,26.3,13.6,43.4
Glasgow,2024-03-29,18.0,0.4,26.2
London,2024-11-24,1.8,2.1,9.8
Cardiff,2024-05-21,10.9,17.9,30.4
Manchester,2024-06-28,30.0,6.5,8.9
Birmingham,2024-07-28,11.1,11.6,44.6
Edinburgh,2024-10-08,-4.7,0.2,3.0
Glasgow,2024-10-31,-3.5,10.8,37.4
London,2024-07-09,3.8,2.6,46.8
Cardiff,2024-11-01,3.0,11.4,15.1
Manchester,2024-09-25,8.3,5.3,48.2
Birmingham,2024-09-19,24.2,8.9,19.1
Edinburgh,2024-05-16,22.9,19.3,41.9
Glasgow,2024-08-20,24.9,10.8,5.6
London,2024-01-26,11.0,6.1,38.2
Cardiff,2024-10-22,9.0,15.3,6.8
Manchester,2024-04-20,4.6,7.6,3.0
Birmingham,2024-06-03,10.5,0.5,40.8
Edinburgh,2024-11-07,18.3,8.2,23.1
Glasgow,2024-12-09,11.8,10.4,23.5
London,2024-07-11,18.7,5.0,8.1
Cardiff,2024-02-23,23.0,10.4,39.8
Manchester,2024-10-26,3.5,17.0,30.8
Birmingham,2024-03-03,16.6,9.4,4.9
Edinburgh,2024-10-18,17.4,14.5,42.1
Glasgow,2024-09-12,25.5,12.5,15.1
London,2024-08-24,5.8,2.7,42.1
Cardiff,2024-10-02,27.2,6.9,26.9
Manchester,2024-11-13,26.7,10.3,13.9
Birmingham,2024-12-01,6.0,7.4,32.9
Edinburgh,2024-01-08,-2.6,5.5,25.2
Glasgow,2024-08-07,9.0,5.1,46.7
London,2024-08-11,29.8,18.7,12.8
Cardiff,2024-03-25,17.7,7.0,14.3
Manchester,2024-10-19,25.6,10.7,25.9
Birmingham,2024-09-22,5.6,6.8,41.8
Edinburgh,2024-11-22,21.7,4.0,6.0
Glasgow,2024-11-24,-1.4,5.0,43.5
London,2024-07-14,24.9,1.4,9.5
Cardiff,2024-10-22,3.5,5.4,32.6
Manchester,2024-06-20,0.5,3.6,33.3
Birmingham,2024-10-15,7.0,8.6,11.9
Edinburgh,2024-03-22,21.8,17.0,21.4
Glasgow,2024-12-11,10.6,9.7,43.0
London,2024-03-19,16.0,3.6,47.7
Cardiff,2024-06-30,-0.3,15.7,22.5
Manchester,2024-04-30,18.7,14.1,17.0
Birmingham,2024-07-23,22.3,3.1,4.9
Edinburgh,2024-02-08,-0.9,8.4,34.6
Glasgow,2024-07-17,-1.5,7.1,0.1
London,2024-01-21,19.0,17.1,33.6
Cardiff,2024-09-20,4.4,0.3,12.3
Manchester,2024-09-21,13.2,11.1,32.3
Birmingham,2024-01-18,8.2,5.4,9.5
Edinburgh,2024-07-16,25.8,18.2,21.7
Glasgow,2024-10-15,-3.4,17.7,48.3
London,2024-12-10,10.3,3.0,1.2
Cardiff,2024-03-28,13.9,18.7,8.8
Manchester,2024-12-03,3.9,6.5,38.9
Birmingham,2024-02-14,-0.1,5.1,2.9
Edinburgh,2024-09-17,8.6,9.7,22.5
Glasgow,2024-05-11,-3.0,7.9,9.6
London,2024-02-28,24.3,4.5,12.4
Cardiff,2024-02-06,18.1,2.3,18.7
Manchester,2024-05-07,4.1,4.5,23.2
Birmingham,2024-03-06,24.7,13.3,17.4
Edinburgh,2024-02-28,0.2,15.2,34.5
Glasgow,2024-04-04,18.6,7.3,4.1
London,2024-03-02,11.7,8.9,6.2
Cardiff,2024-07-09,20.7,10.0,33.8
Manchester,2024-08-06,9.4,18.1,14.2
Birmingham,2024-10-05,10.6,5.6,45.1
Edinburgh,2024-07-21,19.1,3.6,6.8
Glasgow,2024-06-11,8.7,14.1,14.2
London,2024-11-08,5.9,11.8,35.5
Cardiff,2024-09-05,1.0,19.1,19.4
Manchester,2024-09-17,10.6,13.3,16.5
Birmingham,2024-03-04,26.4,5.2,43.1
Edinburgh,2024-12-04,12.3,1.0,17.5
Glasgow,2024-01-23,-4.3,3.3,26.0
London,2024-05-04,28.7,8.3,42.6
Cardiff,2024-05-31,29.6,2.8,10.7
Manchester,2024-02-23,13.6,9.7,47.6
Birmingham,2024-06-28,3.8,15.5,32.4
Edinburgh,2024-08-08,28.8,17.2,42.4
Glasgow,2024-09-03,22.0,14.4,20.4
London,2024-04-08,27.0,16.2,33.8
Cardiff,2024-10-25,28.8,7.3,47.2
Manchester,2024-03-24,21.5,19.8,19.4
Birmingham,2024-08-22,-1.9,10.6,3.9
Edinburgh,2024-08-29,20.9,15.2,40.4
Glasgow,2024-07-11,7.1,3.9,8.3
London,2024-05-13,17.1,14.8,2.2
Cardiff,2024-09-26,21.4,4.3,32.0
Manchester,2024-08-06,4.4,14.0,22.6
Birmingham,2024-07-04,6.8,12.1,17.0
Edinburgh,2024-01-24,8.0,15.9,4.7
Glasgow,2024-03-16,8.0,19.4,25.6
London,2024-01-27,12.2,5.2,28.0
Cardiff,2024-01-15,-1.2,9.0,28.5
Manchester,2024-07-20,7.3,6.4,45.2
Birmingham,2024-03-21,20.3,10.6,32.7
Edinburgh,2024-10-31,-4.2,14.5,36.9
Glasgow,2024-02-22,6.2,7.2,43.2
London,2024-11-28,7.6,5.0,8.3
Cardiff,2024-07-10,14.4,11.9,34.8
Manchester,2024-06-15,-0.4,2.6,46.3
Birmingham,2024-03-07,0.0,4.7,17.3
Edinburgh,2024-03-03,25.7,17.9,22.2
Glasgow,2024-08-31,-3.2,13.1,46.7
London,2024-05-20,25.2,2.0,15.3
Cardiff,2024-03-13,28.0,2.5,29.7
Manchester,2024-04-06,2.7,17.9,12.0
Birmingham,2024-03-10,5.1,13.7,1.9
Edinburgh,2024-05-26,13.8,19.7,35.0
Glasgow,2024-07-12,23.9,3.5,41.3
London,2024-08-10,12.8,7.7,27.1
Cardiff,2024-05-20,3.5,2.4,6.0
Manchester,2024-07-19,3.5,18.0,17.8
Birmingham,2024-10-07,8.5,14.6,42.6
Edinburgh,2024-10-02,29.5,6.9,6.3
Glasgow,2024-06-25,5.9,8.6,11.1
London,2024-09-15,14.0,11.7,44.7
Cardiff,2024-06-21,0.1,17.5,8.9
Manchester,2024-07-04,18.6,3.7,39.3
Birmingham,2024-09-24,3.1,9.6,40.5
Edinburgh,2024-04-21,29.1,6.7,9.6
Glasgow,2024-08-22,24.1,19.6,16.6
London,2024-03-17,16.8,10.2,3.5
Cardiff,2024-11-15,5.7,1.4,31.1
Manchester,2024-09-19,28.1,5.6,37.1
Birmingham,2024-09-06,23.3,1.8,36.8
Edinburgh,2024-08-24,1.6,9.6,4.1
Glasgow,2024-01-29,7.3,10.8,17.6
London,2024-01-21,3.0,6.8,20.9
Cardiff,2024-02-21,-0.9,17.9,38.3
Manchester,2024-07-09,11.0,7.4,46.8
Birmingham,2024-11-24,14.9,16.4,17.8
Edinburgh,2024-09-22,-4.1,5.1,7.5
Glasgow,2024-05-30,29.7,2.0,29.8
London,2024-03-20,21.7,3.2,24.0
Cardiff,2024-07-26,9.6,1.3,34.9
Manchester,2024-03-25,-3.3,16.9,6.7
Birmingham,2024-02-21,2.1,10.6,14.7
Edinburgh,2024-08-21,15.6,17.3,18.5
Glasgow,2024-05-27,21.3,6.7,8.4
London,2024-10-18,16.7,5.0,27.0
Cardiff,2024-06-19,3.0,19.5,41.9
Manchester,2024-01-24,10.3,1.0,22.1
Birmingham,2024-02-08,-4.2,11.4,48.0
Edinburgh,2024-10-31,8.5,11.8,48.2
Glasgow,2024-07-18,8.2,2.2,10.9
London,2024-11-22,29.0,14.7,37.0
Cardiff,2024-03-29,3.4,10.8,25.2
Manchester,2024-05-11,8.5,0.5,0.6
Birmingham,2024-01-07,13.7,3.6,4.3
Edinburgh,2024-03-12,24.2,2.5,2.7
Glasgow,2024-03-19,9.7,17.5,33.7
London,2024-03-26,20.0,18.6,34.3
Cardiff,2024-07-23,10.1,18.4,47.6
Manchester,2024-07-03,11.8,16.3,39.0
Birmingham,2024-05-24,-1.6,8.1,16.2
Edinburgh,2024-11-21,28.1,5.5,26.1
Glasgow,2024-09-14,17.7,17.7,34.8
London,2024-06-21,20.8,10.4,5.1
Cardiff,2024-04-16,-2.4,10.7,22.0
Manchester,2024-01-12,14.5,15.8,27.8
Birmingham,2024-12-07,0.3,8.9,36.2
Edinburgh,2024-07-25,-1.6,9.6,21.7
Glasgow,2024-12-09,12.6,15.2,37.7
London,2024-05-18,-3.8,19.2,47.2
Cardiff,2024-01-29,4.8,10.5,22.4
Manchester,2024-12-04,26.7,10.5,22.1
Birmingham,2024-05-13,5.5,1.7,15.8
Edinburgh,2024-05-11,25.8,5.4,17.1
Glasgow,2024-09-04,26.8,8.4,24.5
London,2024-12-09,2.3,11.8,32.9
Cardiff,2024-04-07,0.5,8.6,48.1
Manchester,2024-01-14,1.1,11.0,37.8
Birmingham,2024-04-29,21.1,17.5,27.7
Edinburgh,2024-09-09,0.8,13.8,4.9
Glasgow,2024-07-12,8.8,6.0,42.7
London,2024-05-22,1.3,8.5,14.9
Cardiff,2024-07-15,26.5,12.3,25.7
Manchester,2024-11-05,8.4,2.8,44.1
Birmingham,2024-10-17,7.2,12.3,15.3
Edinburgh,2024-06-06,-1.3,5.1,1.3
Glasgow,2024-03-27,22.7,14.8,3.0
London,2024-04-07,4.2,3.8,10.7
Cardiff,2024-06-11,13.4,15.9,25.0
Manchester,2024-07-09,7.2,11.9,48.6
Birmingham,2024-03-06,4.6,15.5,29.3
Edinburgh,2024-03-19,22.4,18.4,9.4
Glasgow,2024-07-26,14.0,5.7,48.0
London,2024-08-04,8.0,3.6,34.5
Cardiff,2024-08-11,0.4,17.7,34.8
Manchester,2024-02-04,13.9,13.5,22.8
Birmingham,2024-07-20,-1.7,5.7,2.4
Edinburgh,2024-10-03,7.3,15.8,36.9
Glasgow,2024-02-21,24.8,12.0,6.9
London,2024-10-20,3.5,8.3,17.6
Cardiff,2024-09-14,19.4,19.6,8.1
Manchester,2024-03-16,2.5,11.2,0.1
Birmingham,2024-12-08,20.5,15.9,19.3
Edinburgh,2024-03-10,19.6,5.2,20.6
Glasgow,2024-04-04,23.0,13.8,31.2
London,2024-06-10,3.0,4.1,19.9
Cardiff,2024-12-01,29.8,12.7,24.2
Manchester,2024-03-06,17.9,0.1,43.9
Birmingham,2024-07-20,5.7,7.8,30.4
Edinburgh,2024-01-16,11.2,10.1,6.9
Glasgow,2024-02-27,-4.3,16.5,8.3
London,2024-11-05,2.6,2.4,10.9
Cardiff,2024-05-27,6.2,18.4,39.4
Manchester,2024-07-16,3.2,7.9,35.4
Birmingham,2024-08-08,20.9,4.5,47.1
Edinburgh,2024-09-27,-3.9,10.4,37.9
Glasgow,2024-09-22,14.4,19.5,32.1
London,2024-02-13,18.0,16.1,36.1
Cardiff,2024-11-25,18.6,1.0,47.1
Manchester,2024-11-03,5.7,1.1,0.2
Birmingham,2024-03-15,16.2,18.3,4.9
Edinburgh,2024-04-23,27.6,18.6,1.5
Glasgow,2024-03-30,-1.9,16.4,9.8
London,2024-11-24,19.9,14.7,30.7
Cardiff,2024-04-20,10.5,6.0,38.6
Manchester,2024-09-18,24.7,15.1,28.0
Birmingham,2024-11-26,18.3,7.7,47.2
Edinburgh,2024-11-21,10.7,1.0,41.3
Glasgow,2024-03-11,5.5,12.3,19.7
London,2024-09-24,29.2,18.9,42.9
Cardiff,2024-06-29,21.3,19.6,10.0
Manchester,2024-07-25,-4.7,7.9,37.1
Birmingham,2024-07-14,-2.0,5.9,25.8
Edinburgh,2024-12-07,10.9,1.7,13.0
Glasgow,2024-11-25,-0.5,7.1,16.1
London,2024-03-16,23.6,12.5,25.7
Cardiff,2024-04-22,17.1,8.4,41.9
Manchester,2024-10-23,4.0,5.3,36.9
Birmingham,2024-01-16,2.0,8.1,12.4
Edinburgh,2024-10-10,-0.7,17.7,36.6
Glasgow,2024-04-11,18.5,16.8,3.5
London,2024-08-22,15.0,7.9,5.3
Cardiff,2024-05-31,15.3,6.3,46.8
Manchester,2024-01-20,6.5,9.0,18.6
Birmingham,2024-02-21,12.9,12.9,18.3
Edinburgh,2024-04-04,1.0,14.9,4.5
Glasgow,2024-11-08,9.4,11.0,13.2
London,2024-04-19,12.2,11.3,40.0
Cardiff,2024-12-08,23.2,8.9,11.6
Manchester,2024-10-01,6.7,4.1,11.1
Birmingham,2024-03-19,-3.8,7.1,37.0
Edinburgh,2024-04-28,-2.8,8.7,5.2
Glasgow,2024-02-14,19.7,3.4,12.1
London,2024-08-05,2.3,13.7,5.8
Cardiff,2024-06-25,27.7,7.5,23.9
Manchester,2024-07-26,3.5,3.4,31.0
Birmingham,2024-06-04,-1.2,14.6,38.9
Edinburgh,2024-10-19,-0.2,18.8,43.3
Glasgow,2024-02-19,10.6,3.7,17.3
London,2024-05-24,-4.3,5.3,23.6
Cardiff,2024-08-15,14.5,17.4,8.3
Manchester,2024-01-10,-1.5,16.7,33.1
Birmingham,2024-09-19,0.4,9.5,16.4
Edinburgh,2024-09-20,18.9,4.8,7.9
Glasgow,2024-03-03,11.2,16.9,26.6
London,2024-09-10,5.6,7.9,32.6
Cardiff,2024-04-23,-2.9,1.2,33.8
Manchester,2024-12-05,-3.9,8.9,21.1
Birmingham,2024-04-10,25.6,3.6,0.6
Edinburgh,2024-06-01,12.1,7.2,19.4
Glasgow,2024-10-20,7.9,13.2,10.4
London,2024-11-27,-0.1,7.6,26.0
Cardiff,2024-01-12,20.7,18.0,35.9
Manchester,2024-08-08,19.0,7.2,11.0
Birmingham,2024-11-14,8.2,9.8,29.8
Edinburgh,2024-03-11,4.9,6.0,36.4
Glasgow,2024-11-16,5.0,16.6,22.9
London,2024-03-17,26.0,15.0,8.4
Cardiff,2024-01-21,-0.4,12.8,37.1
Manchester,2024-09-11,5.0,10.5,17.8
Birmingham,2024-06-23,11.6,8.7,23.4
Edinburgh,2024-08-30,25.6,8.0,8.3
Glasgow,2024-04-06,29.6,2.9,5.3
London,2024-07-16,29.2,5.9,46.4
Cardiff,2024-05-23,29.6,14.5,45.2
Manchester,2024-04-17,-4.0,15.1,10.0
Birmingham,2024-01-24,19.8,9.5,20.7
Edinburgh,2024-01-22,21.2,18.8,48.8
Glasgow,2024-09-02,-5.0,11.6,13.3
London,2024-10-07,13.3,6.9,17.2
Cardiff,2024-08-03,6.4,0.3,7.4
Manchester,2024-03-03,12.9,5.9,18.5
Birmingham,2024-06-23,3.7,3.0,11.2
Edinburgh,2024-10-31,-4.1,1.4,10.8
Glasgow,2024-09-07,3.4,10.0,17.9
London,2024-01-23,11.8,11.2,0.1
Cardiff,2024-10-15,-3.0,13.6,43.0
Manchester,2024-08-12,23.8,15.7,0.7
Birmingham,2024-02-14,13.2,10.4,21.1
Edinburgh,2024-09-19,29.6,16.1,37.6
Glasgow,2024-04-09,-1.6,4.2,12.7
London,2024-08-10,5.0,3.8,39.3
Cardiff,2024-07-30,8.6,7.1,27.7
Manchester,2024-03-17,-4.2,5.1,7.2
Birmingham,2024-09-20,5.6,16.7,4.4
Edinburgh,2024-09-27,11.7,4.6,18.3
Glasgow,2024-11-08,20.7,12.2,18.7
London,2024-05-22,-2.0,16.0,38.1
Cardiff,2024-07-23,1.9,7.4,38.2
Manchester,2024-10-07,16.8,7.3,15.9
Birmingham,2024-04-09,12.1,9.5,17.5
Edinburgh,2024-11-11,6.0,12.7,25.3
Glasgow,2024-07-08,-3.1,15.8,28.0
London,2024-09-04,22.7,3.5,25.3
Cardiff,2024-02-19,20.8,0.9,44.4
Manchester,2024-02-12,13.1,7.2,49.5
Birmingham,2024-10-29,18.1,4.9,0.7
Edinburgh,2024-01-14,6.7,6.7,8.5
Glasgow,2024-06-05,4.9,5.0,34.2
London,2024-10-21,10.8,11.9,44.3
Cardiff,2024-08-05,7.4,10.0,38.3
Manchester,2024-01-01,-4.1,9.2,6.9
Birmingham,2024-01-25,17.0,9.9,6.1
Edinburgh,2024-08-18,-3.1,17.2,31.1
Glasgow,2024-07-20,7.1,5.4,4.0
London,2024-09-10,29.1,1.4,43.3
Cardiff,2024-05-17,-2.3,8.5,35.1
Manchester,2024-04-10,-0.6,12.1,4.8
Birmingham,2024-06-12,24.4,8.9,34.2
Edinburgh,2024-01-09,-2.3,4.6,32.6
Glasgow,2024-03-11,-0.2,6.1,32.5
London,2024-03-04,4.2,16.1,32.7
Cardiff,2024-02-09,28.9,0.1,8.4
Manchester,2024-05-12,10.9,7.5,10.6
Birmingham,2024-07-06,17.1,1.6,35.4
Edinburgh,2024-03-08,4.0,3.6,9.1
Glasgow,2024-08-29,11.1,17.6,16.0
London,2024-10-04,28.6,13.6,29.5
Cardiff,2024-10-02,5.6,9.3,6.6
Manchester,2024-01-12,0.5,16.2,32.6
Birmingham,2024-08-11,21.7,15.1,16.1
Edinburgh,2024-01-30,22.1,17.2,35.5
Glasgow,2024-04-24,11.6,16.8,33.9
London,2024-08-17,23.4,8.2,6.4
Cardiff,2024-09-12,25.6,19.1,13.5
Manchester,2024-08-11,15.0,1.4,46.1
Birmingham,2024-05-06,20.9,8.3,47.9
Edinburgh,2024-03-02,2.7,5.8,5.6
Glasgow,2024-06-07,27.9,3.3,23.7
London,2024-01-26,15.6,0.2,17.8
Cardiff,2024-08-18,12.9,8.1,9.9
Manchester,2024-07-25,27.5,10.0,44.2
Birmingham,2024-05-16,21.6,15.5,11.2
Edinburgh,2024-07-31,19.5,9.0,22.5
Glasgow,2024-08-09,0.4,3.1,41.8
London,2024-09-27,2.5,10.6,35.3
Cardiff,2024-09-12,0.5,10.3,41.0
Manchester,2024-09-12,13.0,3.2,26.2
Birmingham,2024-10-09,12.5,11.1,37.0
Edinburgh,2024-07-20,4.8,16.4,25.2
Glasgow,2024-09-01,20.5,5.4,38.8
London,2024-03-17,15.6,17.5,9.2
Cardiff,2024-03-07,-1.5,0.1,2.0
Manchester,2024-08-15,24.2,5.0,37.3
Birmingham,2024-07-03,14.4,16.4,26.9
Edinburgh,2024-06-06,9.4,13.4,23.5
Glasgow,2024-07-23,19.5,0.7,43.7
London,2024-02-27,23.1,12.4,22.3
Cardiff,2024-01-20,17.1,7.4,46.2
Manchester,2024-10-04,15.1,19.1,39.8
Birmingham,2024-11-26,25.3,11.0,30.3
Edinburgh,2024-07-29,23.2,0.6,26.6
Glasgow,2024-04-05,26.2,13.4,41.1
London,2024-11-14,0.5,13.8,39.9
Cardiff,2024-04-01,4.9,7.9,24.9
Manchester,2024-08-24,15.2,12.0,0.5
Birmingham,2024-07-04,14.3,3.6,47.8
Edinburgh,2024-07-11,15.1,12.4,31.6
Glasgow,2024-11-29,15.0,2.4,29.0
London,2024-09-14,12.0,5.4,12.5
Cardiff,2024-04-12,22.4,13.0,18.5
Manchester,2024-09-08,5.7,1.5,25.9
Birmingham,2024-08-01,5.0,0.0,41.0
Edinburgh,2024-05-14,11.7,13.2,13.9
Glasgow,2024-06-05,22.9,14.7,21.8
London,2024-02-17,7.7,4.2,29.3
Cardiff,2024-01-26,12.5,6.1,27.1
Manchester,2024-04-30,-2.6,3.4,10.5
Birmingham,2024-12-08,27.1,13.3,1.9
Edinburgh,2024-05-24,24.7,11.7,21.6
Glasgow,2024-11-20,17.2,1.9,40.6
London,2024-06-15,8.9,13.2,38.7
Cardiff,2024-08-09,3.4,11.9,47.1
Manchester,2024-09-18,11.6,9.2,28.0
Birmingham,2024-06-09,-2.3,7.5,3.3
Edinburgh,2024-10-13,19.5,16.2,0.4
Glasgow,2024-01-07,-1.5,2.2,27.3
London,2024-09-20,23.3,17.3,28.9
Cardiff,2024-06-08,3.7,15.0,16.9
Manchester,2024-04-23,8.6,0.9,28.6
Birmingham,2024-02-25,26.9,15.8,28.9
Edinburgh,2024-07-02,-0.9,12.8,35.7
Glasgow,2024-11-29,18.6,19.6,27.1
London,2024-08-08,25.4,17.2,3.4
Cardiff,2024-06-07,20.5,12.6,18.5
Manchester,2024-06-10,22.7,19.6,1.6
Birmingham,2024-05-08,27.6,2.4,46.8
Edinburgh,2024-12-03,29.5,17.0,44.4
Glasgow,2024-11-14,26.0,9.2,35.0
London,2024-09-10,29.4,10.9,3.0
Cardiff,2024-06-30,17.4,3.3,3.4
Manchester,2024-01-21,20.6,8.5,19.8
Birmingham,2024-08-24,14.6,8.4,48.2
Edinburgh,2024-07-25,16.0,5.6,15.1
Glasgow,2024-01-28,27.3,1.3,14.1
London,2024-01-02,22.4,0.6,14.5
Cardiff,2024-03-06,25.7,1.8,24.7
Manchester,2024-06-06,6.7,6.9,37.0
Birmingham,2024-08-19,18.6,11.8,27.8
Edinburgh,2024-05-31,27.8,1.5,9.3
Glasgow,2024-12-07,5.5,10.6,41.8
London,2024-04-03,-4.0,6.8,28.4
Cardiff,2024-07-08,7.0,17.5,19.1
Manchester,2024-08-04,-0.4,6.2,1.5
Birmingham,2024-02-05,22.5,4.1,10.3
Edinburgh,2024-10-31,4.6,0.0,30.5
Glasgow,2024-02-26,5.1,10.0,24.3
London,2024-04-08,16.9,18.0,22.7
Cardiff,2024-11-26,29.9,18.0,19.9
Manchester,2024-08-28,0.5,13.5,34.6
Birmingham,2024-04-12,-0.1,17.7,2.4
Edinburgh,2024-08-04,26.1,8.6,38.2
Glasgow,2024-04-22,6.8,8.5,35.1
London,2024-07-26,3.3,7.1,0.1
Cardiff,2024-01-09,17.0,9.0,43.3
Manchester,2024-07-02,20.9,1.1,39.2
Birmingham,2024-07-08,13.0,16.0,2.4
Edinburgh,2024-10-19,5.5,17.3,18.2
Glasgow,2024-02-19,3.7,13.7,16.7
London,2024-04-04,16.6,16.6,3.7
Cardiff,2024-08-18,16.6,4.8,3.9
Manchester,2024-10-23,8.8,15.7,10.9
Birmingham,2024-07-03,5.1,12.2,6.7
Edinburgh,2024-03-13,26.7,8.2,22.4
Glasgow,2024-10-26,-3.7,10.5,18.9
London,2024-02-13,28.2,6.8,3.8
Cardiff,2024-10-06,-2.1,2.7,41.4
Manchester,2024-08-03,15.9,18.2,44.1
Birmingham,2024-08-14,22.7,10.8,8.1
Edinburgh,2024-06-01,26.3,18.3,7.7
Glasgow,2024-10-29,1.2,8.9,11.1
London,2024-04-08,15.7,19.4,25.6
Cardiff,2024-03-22,27.9,9.2,21.3
Manchester,2024-11-02,3.3,3.3,30.3
Birmingham,2024-07-15,10.8,3.1,3.0
Edinburgh,2024-11-14,8.7,1.5,1.7
Glasgow,2024-07-18,-3.0,7.9,11.2
London,2024-08-22,22.5,14.3,16.7
Cardiff,2024-07-13,0.9,8.5,29.8
Manchester,2024-10-15,7.4,1.6,25.9
Birmingham,2024-08-03,2.2,6.3,33.5
Edinburgh,2024-07-05,-4.3,3.0,36.7
Glasgow,2024-09-03,16.3,19.0,11.3
London,2024-09-11,18.9,17.7,24.8
Cardiff,2024-04-19,19.3,4.1,27.7
Manchester,2024-09-30,29.4,17.6,22.5
Birmingham,2024-09-17,17.0,2.5,21.3
Edinburgh,2024-06-28,28.4,12.9,25.9
Glasgow,2024-04-05,20.4,10.4,16.4
London,2024-07-25,-2.7,4.1,0.1
Cardiff,2024-04-05,2.6,11.6,35.2
Manchester,2024-08-22,8.8,4.0,15.3
Birmingham,2024-03-13,4.3,3.0,41.8
Edinburgh,2024-07-14,29.8,18.6,13.8
Glasgow,2024-10-28,4.8,19.0,18.7
London,2024-03-11,27.1,9.4,37.0
Cardiff,2024-06-15,0.7,3.5,18.4
Manchester,2024-01-21,8.2,8.1,22.1
Birmingham,2024-06-25,-3.3,16.5,6.5
Edinburgh,2024-03-10,21.3,1.2,14.5
Glasgow,2024-06-18,10.2,2.8,49.7
London,2024-11-13,10.6,11.4,22.0
Cardiff,2024-01-20,-4.3,14.3,38.3
Manchester,2024-05-11,15.5,12.8,26.8
Birmingham,2024-09-16,27.6,7.5,3.8
Edinburgh,2024-06-14,-2.0,3.0,2.4
Glasgow,2024-07-13,12.5,6.3,48.3
London,2024-06-28,8.0,5.8,1.3
Cardiff,2024-03-01,-4.0,2.0,14.1
Manchester,2024-08-05,25.7,5.4,42.1
Birmingham,2024-07-09,17.9,9.4,39.7
Edinburgh,2024-12-07,2.7,3.9,26.5
Glasgow,2024-02-08,25.3,5.8,36.1
London,2024-11-10,27.4,10.6,34.2
Cardiff,2024-10-24,-2.7,2.2,7.9
Manchester,2024-06-02,28.3,0.1,41.8
Birmingham,2024-06-17,18.4,1.5,27.7
Edinburgh,2024-07-30,-4.7,7.4,25.8
Glasgow,2024-10-20,-0.2,19.9,41.8
London,2024-04-09,8.3,2.0,37.8
Cardiff,2024-11-24,12.2,13.1,21.1
Manchester,2024-05-10,-3.8,10.0,23.7
Birmingham,2024-02-10,23.0,19.5,40.5
Edinburgh,2024-07-14,27.5,13.8,34.4
Glasgow,2024-04-30,17.6,15.4,35.6
London,2024-04-15,13.4,6.0,38.3
Cardiff,2024-11-12,9.4,4.1,35.4
Manchester,2024-04-04,19.1,12.1,22.6
Birmingham,2024-02-03,12.7,18.0,45.3
Edinburgh,2024-04-19,6.8,0.1,20.2
Glasgow,2024-02-28,13.9,19.7,39.7
London,2024-03-15,29.8,12.5,6.5
Cardiff,2024-05-08,-1.1,9.2,45.1
Manchester,2024-04-08,10.8,10.3,38.7
Birmingham,2024-10-24,-4.7,3.4,9.4
Edinburgh,2024-04-18,0.7,2.9,13.4
Glasgow,2024-11-12,21.8,0.5,12.6
London,2024-02-08,5.8,9.8,28.2
Cardiff,2024-05-29,0.5,3.6,43.5
Manchester,2024-04-23,15.9,12.5,44.6
Birmingham,2024-03-30,28.0,0.4,12.7
Edinburgh,2024-11-22,15.2,16.8,44.5
Glasgow,2024-07-27,2.1,16.2,37.8
London,2024-01-20,28.0,6.2,25.9
Cardiff,2024-06-26,29.1,1.6,21.5
Manchester,2024-10-18,-2.4,0.3,9.6
Birmingham,2024-07-06,26.6,12.3,23.4
Edinburgh,2024-08-19,25.6,7.0,35.0
Glasgow,2024-08-02,20.9,13.4,18.5
London,2024-10-15,13.6,2.0,1.5
Cardiff,2024-06-23,17.7,19.7,20.2
Manchester,2024-08-28,-0.4,2.1,13.6
Birmingham,2024-09-08,28.9,15.8,21.7
Edinburgh,2024-01-26,23.7,10.6,14.1
Glasgow,2024-10-06,21.0,4.2,35.3
London,2024-11-14,-4.8,8.4,23.7
Cardiff,2024-06-20,16.0,3.5,20.9
Manchester,2024-08-09,28.1,1.5,28.2
Birmingham,2024-03-19,12.1,2.6,46.0
Edinburgh,2024-07-27,16.8,19.0,2.3
Glasgow,2024-05-31,14.7,1.0,22.7
London,2024-04-30,25.8,6.3,13.6
Cardiff,2024-07-20,18.6,6.0,1.8
Manchester,2024-01-11,23.0,16.0,38.3
Birmingham,2024-11-22,0.0,12.3,40.1
Edinburgh,2024-11-05,6.4,1.6,42.4
Glasgow,2024-10-24,2.8,12.7,6.0
London,2024-02-16,12.4,5.9,46.1
Cardiff,2024-02-24,13.6,0.9,33.9
Manchester,2024-11-11,26.5,3.0,42.1
Birmingham,2024-05-02,-2.1,14.1,43.3
Edinburgh,2024-07-12,0.4,17.5,26.8
Glasgow,2024-07-20,19.9,13.7,38.3
London,2024-10-21,0.6,7.2,35.1
Cardiff,2024-01-31,21.3,15.5,46.1
Manchester,2024-07-12,27.2,3.9,44.8
Birmingham,2024-12-06,4.4,12.6,37.7
Edinburgh,2024-10-04,29.4,5.0,15.5
Glasgow,2024-05-29,11.0,15.9,42.9
London,2024-11-07,21.7,12.7,3.7
Cardiff,2024-11-06,25.2,7.5,6.0
Manchester,2024-12-04,22.4,8.7,44.7
Birmingham,2024-08-22,0.3,3.4,28.8
Edinburgh,2024-07-28,12.4,9.7,17.7
Glasgow,2024-04-05,15.1,18.0,49.2
London,2024-02-23,27.1,1.1,40.9
Cardiff,2024-02-20,6.2,12.4,5.5
Manchester,2024-09-12,9.9,19.9,6.1
Birmingham,2024-07-15,-2.5,16.4,20.3
Edinburgh,2024-07-13,21.5,2.0,24.2
Glasgow,2024-11-26,0.3,2.6,41.1
London,2024-10-08,17.0,3.7,44.4
Cardiff,2024-07-04,-1.3,11.6,44.4
Manchester,2024-07-06,5.8,17.8,0.3
Birmingham,2024-06-10,18.9,5.6,26.5
Edinburgh,2024-11-12,25.4,7.2,28.0
Glasgow,2024-06-29,9.7,11.6,8.3
London,2024-02-20,-4.6,1.1,10.3
Cardiff,2024-05-22,25.6,17.7,28.7
Manchester,2024-11-09,21.1,7.2,18.2
Birmingham,2024-03-31,24.8,18.3,19.7
Edinburgh,2024-04-28,21.8,12.2,2.8
Glasgow,2024-06-24,6.4,5.6,20.3
London,2024-11-30,23.0,17.6,24.0
Cardiff,2024-10-27,12.5,4.2,33.1
Manchester,2024-03-11,15.7,14.4,21.8
Birmingham,2024-10-12,0.4,6.2,27.9
Edinburgh,2024-03-20,21.9,1.5,7.1
Glasgow,2024-06-04,27.7,11.2,34.9
London,2024-06-03,3.4,2.0,2.6
Cardiff,2024-08-07,6.8,15.9,38.2
Manchester,2024-01-18,9.2,4.8,21.3
Birmingham,2024-03-20,10.1,14.4,29.6
Edinburgh,2024-10-26,29.9,4.4,16.1
Glasgow,2024-08-10,-2.3,15.8,49.3
London,2024-04-09,8.0,5.6,28.1
Cardiff,2024-05-14,20.7,14.7,27.5
Manchester,2024-08-28,14.8,18.2,24.3
Birmingham,2024-05-11,14.1,14.8,1.8
Edinburgh,2024-06-21,10.6,12.8,21.8
Glasgow,2024-04-13,-2.2,6.8,45.3
London,2024-05-17,18.6,6.3,13.3
Cardiff,2024-04-28,8.8,4.3,13.9
Manchester,2024-06-15,-0.6,19.2,30.1
Birmingham,2024-04-03,29.7,17.8,30.6
Edinburgh,2024-12-08,3.2,2.7,44.2
Glasgow,2024-05-01,6.1,17.2,34.1
London,2024-09-18,8.4,19.4,40.9
Cardiff,2024-03-25,13.6,11.9,10.6
Manchester,2024-10-10,3.3,7.1,45.3
Birmingham,2024-12-11,12.6,14.0,4.9
Edinburgh,2024-04-28,20.0,1.4,19.4
Glasgow,2024-02-13,5.4,15.0,2.1
London,2024-11-28,10.7,8.8,6.8
Cardiff,2024-08-20,24.1,3.1,42.2
Manchester,2024-11-14,8.4,0.6,22.8
Birmingham,2024-04-22,2.0,18.9,34.5
Edinburgh,2024-06-22,28.4,14.3,9.7
Glasgow,2024-05-19,12.5,1.7,6.6
London,2024-12-05,24.3,16.5,19.0
Cardiff,2024-02-06,14.5,5.1,7.4
Manchester,2024-01-13,10.8,18.6,48.6
Birmingham,2024-09-13,8.8,18.7,38.3
Edinburgh,2024-08-03,0.1,10.9,14.5
Glasgow,2024-02-07,20.2,13.1,10.8
London,2024-02-13,8.3,4.7,33.7
Cardiff,2024-03-10,28.1,10.3,38.1
Manchester,2024-06-23,7.9,9.1,21.4
Birmingham,2024-04-01,24.1,12.5,37.8
Edinburgh,2024-05-28,9.4,7.1,5.5
Glasgow,2024-06-29,19.8,12.9,26.3
London,2024-09-17,9.1,4.0,33.1
Cardiff,2024-10-19,29.8,9.6,47.8
Manchester,2024-02-05,4.8,15.1,40.7
Birmingham,2024-08-27,19.0,19.8,38.5
Edinburgh,2024-07-18,-2.0,16.6,37.4
Glasgow,2024-05-29,16.4,8.6,1.7
London,2024-05-18,4.5,19.4,22.2
Cardiff,2024-11-24,19.3,4.9,22.3
Manchester,2024-06-02,3.6,16.2,24.5
Birmingham,2024-07-18,0.2,5.1,8.7
Edinburgh,2024-02-04,-2.8,11.8,19.5
Glasgow,2024-08-18,10.1,3.6,34.7
London,2024-10-10,28.1,18.9,31.8
Cardiff,2024-04-14,21.8,2.3,39.0
Manchester,2024-08-24,8.4,0.2,25.5
Birmingham,2024-10-24,6.4,6.1,7.8
Edinburgh,2024-01-07,17.7,10.8,14.0
Glasgow,2024-03-28,24.9,16.3,18.8
London,2024-08-09,-1.7,4.2,47.0
Cardiff,2024-01-10,18.9,10.2,10.1
Manchester,2024-09-02,27.9,16.1,15.3
Birmingham,2024-09-12,-3.6,13.6,30.1
Edinburgh,2024-05-01,-3.4,18.9,30.3
Glasgow,2024-07-22,28.8,17.8,8.5
London,2024-11-09,13.1,8.0,22.3
Cardiff,2024-09-10,16.8,5.9,16.7
Manchester,2024-07-24,13.3,2.4,36.2
Birmingham,2024-02-16,13.8,18.2,29.4
Edinburgh,2024-07-01,-1.0,8.2,4.2
Glasgow,2024-04-08,26.0,4.3,10.7
London,2024-07-27,4.4,12.8,49.8
Cardiff,2024-01-13,17.1,7.3,31.5
Manchester,2024-03-12,16.4,8.9,7.6
Birmingham,2024-02-24,16.3,18.6,22.2
Edinburgh,2024-09-16,21.9,16.2,24.8
Glasgow,2024-02-05,25.4,19.6,27.0
London,2024-02-08,22.3,0.2,17.1
Cardiff,2024-03-11,-1.8,9.2,11.5
Manchester,2024-03-31,23.2,4.3,2.6
Birmingham,2024-01-29,15.6,9.6,32.6
Edinburgh,2024-11-26,22.5,18.7,49.4
Glasgow,2024-03-15,12.6,15.5,4.8
London,2024-12-02,-0.4,14.1,49.5
Cardiff,2024-09-16,16.9,11.5,40.7
Manchester,2024-03-24,3.4,7.0,0.3
Birmingham,2024-07-04,-4.8,17.4,29.7
Edinburgh,2024-09-23,6.9,19.2,46.4
Glasgow,2024-07-21,-2.7,20.0,4.2
London,2024-07-10,14.7,5.8,41.2
Cardiff,2024-08-18,11.9,13.4,28.1
Manchester,2024-06-27,0.1,12.3,1.6
Birmingham,2024-04-10,10.9,4.5,10.4
Edinburgh,2024-07-22,8.9,6.5,37.1
Glasgow,2024-06-16,26.7,7.1,42.8
London,2024-08-31,13.3,11.5,43.1
Cardiff,2024-07-31,5.5,2.6,23.2
Manchester,2024-06-01,1.9,4.0,19.4
Birmingham,2024-04-13,-3.6,12.6,33.5
Edinburgh,2024-12-02,0.9,5.5,37.0
Glasgow,2024-07-07,25.5,1.8,17.2
London,2024-08-07,5.4,7.6,4.9
Cardiff,2024-07-23,8.8,17.5,25.2
Manchester,2024-09-22,11.4,0.7,48.1
Birmingham,2024-04-11,6.1,19.2,25.9
Edinburgh,2024-10-30,7.6,1.5,37.0
Glasgow,2024-12-05,27.5,19.6,25.5
London,2024-04-27,9.6,5.9,21.4
Cardiff,2024-06-17,18.8,7.0,3.3
Manchester,2024-05-29,15.0,19.4,17.3
Birmingham,2024-10-07,18.4,2.7,7.7
Edinburgh,2024-04-24,24.2,7.5,8.1
Glasgow,2024-02-18,-4.7,14.4,19.7
London,2024-10-19,11.1,12.3,49.6
Cardiff,2024-06-11,17.3,8.6,17.0
Manchester,2024-01-29,13.9,1.9,16.5
Birmingham,2024-12-10,8.6,18.7,8.6
Edinburgh,2024-05-07,1.9,14.4,3.1
Glasgow,2024-12-02,10.6,5.1,1.1
London,2024-07-07,-3.2,5.7,26.8
Cardiff,2024-06-03,18.8,1.1,48.4
Manchester,2024-11-13,27.5,1.8,30.9
Birmingham,2024-07-30,8.5,10.0,1.6
Edinburgh,2024-09-28,-3.9,15.7,38.0
Glasgow,2024-02-25,13.8,3.7,27.7
London,2024-04-12,26.7,9.6,32.0
Cardiff,2024-11-17,9.1,13.2,47.1
Manchester,2024-04-15,21.2,12.1,25.8
Birmingham,2024-08-09,15.1,9.4,9.6
Edinburgh,2024-12-01,-1.6,10.6,15.4
Glasgow,2024-11-06,13.0,11.9,31.0
London,2024-10-13,16.4,14.2,34.2
Cardiff,2024-04-19,18.5,13.0,20.9
Manchester,2024-07-14,20.7,0.3,35.7
Birmingham,2024-01-04,-2.6,7.9,21.5
Edinburgh,2024-07-17,-5.0,4.0,3.6
Glasgow,2024-10-21,10.9,16.2,8.5
London,2024-09-18,3.2,3.1,11.8
Cardiff,2024-02-22,19.9,13.2,1.3
Manchester,2024-10-26,14.8,19.2,26.6
Birmingham,2024-06-19,24.7,19.3,21.0
Edinburgh,2024-09-12,11.4,5.6,15.8
Glasgow,2024-02-03,-4.9,6.4,26.5
London,2024-11-02,8.1,13.8,15.6
Cardiff,2024-04-11,27.2,0.1,49.7
Manchester,2024-09-10,20.5,16.8,45.5
Birmingham,2024-09-02,-3.4,7.1,7.9
Edinburgh,2024-01-31,21.9,9.3,43.0
Glasgow,2024-09-22,4.0,8.1,13.8
London,2024-02-06,19.8,16.8,43.5
Cardiff,2024-03-07,12.8,1.0,1.9
Manchester,2024-08-08,26.3,6.6,44.7
Birmingham,2024-12-02,21.9,9.3,34.8
Edinburgh,2024-08-30,0.5,5.2,8.4
Glasgow,2024-09-29,26.1,19.3,5.7
London,2024-05-29,-4.9,4.6,28.6
Cardiff,2024-08-19,29.9,19.1,25.1
Manchester,2024-05-14,11.8,6.1,20.9
Birmingham,2024-05-08,9.6,6.4,47.4
Edinburgh,2024-03-04,20.0,5.0,39.2
Glasgow,2024-01-24,25.4,12.7,47.8
London,2024-12-09,18.9,14.5,31.2
Cardiff,2024-07-04,25.7,12.5,30.0
Manchester,2024-05-29,13.2,10.8,39.0
Birmingham,2024-03-15,9.8,9.8,41.1
Edinburgh,2024-10-28,25.0,2.4,3.4
Glasgow,2024-01-16,24.0,0.7,4.7
London,2024-04-08,19.3,15.7,40.7
Cardiff,2024-08-10,4.0,6.5,18.1
Manchester,2024-09-29,20.9,15.2,2.4
Birmingham,2024-10-02,8.0,18.4,49.2
Edinburgh,2024-02-19,21.1,13.6,32.6
Glasgow,2024-07-27,8.8,9.9,36.1
London,2024-08-12,27.8,16.3,49.1
Cardiff,2024-10-23,9.5,9.2,7.7
Manchester,2024-05-23,-3.7,13.8,34.8
Birmingham,2024-11-07,3.4,16.1,18.2
Edinburgh,2024-04-16,16.1,8.6,36.8
Glasgow,2024-02-06,17.3,5.8,5.2
London,2024-07-06,17.9,13.5,1.3
Cardiff,2024-02-21,22.5,4.3,25.9
Manchester,2024-11-23,2.3,10.1,26.8
Birmingham,2024-07-01,8.6,18.7,19.3
Edinburgh,2024-10-04,-1.8,8.0,41.1
Glasgow,2024-08-07,6.1,1.8,48.3
London,2024-04-06,9.1,11.4,48.6
Cardiff,2024-01-05,24.0,12.2,18.5
Manchester,2024-09-18,5.2,7.2,48.7
Birmingham,2024-03-21,3.9,17.3,29.7
Edinburgh,2024-04-22,8.4,10.4,1.3
Glasgow,2024-11-08,24.3,8.7,47.3
London,2024-03-18,9.3,4.3,41.5
Cardiff,2024-04-02,-0.5,14.0,6.3
Manchester,2024-10-20,21.8,7.0,46.3
Birmingham,2024-06-07,28.9,12.1,49.1
Edinburgh,2024-01-11,8.2,4.5,39.9
Glasgow,2024-10-11,2.4,14.5,10.0
London,2024-03-26,28.1,13.8,36.2
Cardiff,2024-06-01,14.0,10.6,26.1
Manchester,2024-11-10,21.0,5.7,5.3
Birmingham,2024-04-12,10.9,18.7,11.7
Edinburgh,2024-03-19,27.4,13.6,13.9
Glasgow,2024-02-13,1.4,10.0,36.7
London,2024-04-05,23.9,2.3,23.2
Cardiff,2024-09-01,2.3,12.2,7.8
Manchester,2024-06-23,6.9,6.8,21.0
Birmingham,2024-08-20,0.4,7.5,36.5
Edinburgh,2024-05-11,4.8,17.6,32.7
Glasgow,2024-03-05,29.5,18.5,45.9
London,2024-11-13,15.7,17.8,31.9
Cardiff,2024-11-01,12.9,15.9,5.5
Manchester,2024-05-20,5.0,17.3,46.0
Birmingham,2024-06-10,6.2,4.8,7.7
Edinburgh,2024-02-09,7.2,8.1,18.9
Glasgow,2024-05-01,7.2,11.7,12.9
London,2024-03-07,25.0,6.8,23.5
Cardiff,2024-01-10,10.8,3.6,28.1
Manchester,2024-03-24,-4.2,4.5,44.1
Birmingham,2024-02-21,3.6,12.6,7.5
Edinburgh,2024-10-23,11.5,19.8,28.8
Glasgow,2024-11-01,13.5,6.2,8.4
London,2024-01-24,28.4,11.7,22.9
Cardiff,2024-10-08,8.3,13.9,30.4
Manchester,2024-02-09,12.2,12.1,45.5
Birmingham,2024-08-05,28.9,13.4,36.6
Edinburgh,2024-02-13,-1.4,5.7,12.6
Glasgow,2024-07-07,20.3,16.2,35.1
London,2024-07-16,16.7,10.0,17.1
Cardiff,2024-09-02,-2.6,5.0,7.3
Manchester,2024-10-24,19.9,17.0,16.3
Birmingham,2024-01-30,14.9,16.9,8.8
Edinburgh,2024-11-20,4.9,16.2,42.5
Glasgow,2024-09-01,26.6,8.3,44.2
London,2024-07-15,28.7,4.7,37.3
Cardiff,2024-07-10,2.1,18.0,36.8
Manchester,2024-08-18,-5.0,1.1,32.7
Birmingham,2024-04-10,18.7,11.8,20.6
Edinburgh,2024-11-13,27.9,4.1,0.2
Glasgow,2024-04-03,27.1,11.0,3.3
London,2024-05-24,11.1,1.2,32.6
Cardiff,2024-06-22,-2.1,11.7,18.3
Manchester,2024-07-03,-0.1,4.1,34.9
Birmingham,2024-09-24,9.4,19.4,22.8
Edinburgh,2024-01-26,1.8,6.0,33.8
Glasgow,2024-05-08,-0.1,14.9,47.2
London,2024-11-20,15.6,3.6,10.6
Cardiff,2024-10-20,-0.0,5.0,45.3
Manchester,2024-04-28,2.8,4.8,19.6
Birmingham,2024-04-14,-2.0,15.6,5.8
Edinburgh,2024-08-07,8.2,0.4,8.8
Glasgow,2024-10-28,16.1,19.3,43.8
London,2024-05-17,13.1,6.2,48.6
Cardiff,2024-02-22,28.1,2.3,46.2
Manchester,2024-06-07,6.1,2.8,35.2
Birmingham,2024-05-23,-2.4,10.9,12.6
Edinburgh,2024-05-15,3.2,5.4,0.9
Glasgow,2024-10-25,13.5,5.1,5.4
London,2024-12-01,15.8,13.4,43.8
Cardiff,2024-02-13,17.3,13.8,29.3
Manchester,2024-11-23,7.8,0.5,48.0
Birmingham,2024-08-30,6.4,19.5,28.0
Edinburgh,2024-10-08,4.2,8.8,10.7
Glasgow,2024-10-29,25.7,1.0,17.1
London,2024-08-04,20.4,19.6,20.3
Cardiff,2024-02-10,27.6,19.0,1.5
Manchester,2024-05-06,6.4,0.6,0.2
Birmingham,2024-02-25,3.9,0.6,13.4
Edinburgh,2024-12-03,-1.9,3.0,24.2
Glasgow,2024-05-22,9.0,7.3,33.7
London,2024-02-08,0.7,7.1,22.9
Cardiff,2024-04-22,17.1,17.3,30.8
Manchester,2024-12-02,24.7,4.2,9.9
Birmingham,2024-05-22,5.5,13.3,35.0
Edinburgh,2024-11-25,19.7,4.0,47.0
Glasgow,2024-08-17,22.1,1.8,1.1
London,2024-11-19,17.7,8.5,30.9
Cardiff,2024-04-07,9.6,11.3,23.0
Manchester,2024-12-11,11.3,19.1,4.6
Birmingham,2024-08-30,14.1,17.5,33.8
Edinburgh,2024-09-13,25.7,9.9,12.9
Glasgow,2024-01-14,0.6,18.5,13.8
London,2024-10-03,22.5,5.4,34.5
Cardiff,2024-11-07,29.0,16.6,9.0
Manchester,2024-01-11,2.2,13.7,43.4
Birmingham,2024-05-08,12.7,10.0,44.7
Edinburgh,2024-06-02,21.9,10.6,2.2
Glasgow,2024-02-18,22.2,5.4,43.8
London,2024-08-05,26.8,9.8,44.6
Cardiff,2024-11-27,5.2,7.3,19.5
Manchester,2024-11-09,12.7,9.3,20.8
Birmingham,2024-11-03,27.1,16.7,16.3
Edinburgh,2024-06-04,-1.7,1.0,25.0
Glasgow,2024-10-21,26.0,17.6,19.1
London,2024-01-19,25.0,1.1,29.0
Cardiff,2024-04-13,-4.2,6.3,25.9
Manchester,2024-09-01,-0.3,12.2,8.8
Birmingham,2024-02-14,27.8,6.9,11.7
Edinburgh,2024-03-28,9.0,0.8,35.6
Glasgow,2024-09-12,24.3,8.1,15.5
London,2024-02-10,17.8,10.3,13.8
Cardiff,2024-06-08,9.6,18.6,43.4
Manchester,2024-03-23,15.6,0.3,40.2
Birmingham,2024-10-05,14.7,9.1,48.1
Edinburgh,2024-01-08,-1.4,0.5,8.8
Glasgow,2024-04-01,-2.5,8.7,2.5
London,2024-02-11,16.5,13.0,7.5
Cardiff,2024-04-16,-4.8,13.9,30.6
Manchester,2024-04-04,9.0,18.5,29.9
Birmingham,2024-12-07,26.8,19.2,43.2
Edinburgh,2024-10-15,-1.9,7.4,43.5
Glasgow,2024-02-18,3.0,3.4,25.2
London,2024-11-20,5.4,13.4,2.9
Cardiff,2024-07-31,-1.3,11.8,39.0
Manchester,2024-01-13,1.9,10.4,41.1
Birmingham,2024-12-10,5.7,18.2,1.8
Edinburgh,2024-12-09,19.5,19.3,26.8
Glasgow,2024-06-25,29.7,14.9,4.2
London,2024-07-11,-4.5,0.2,37.9
Cardiff,2024-10-31,20.3,4.3,16.0
Manchester,2024-10-25,16.9,7.8,39.0
Birmingham,2024-08-05,13.4,6.0,43.6
Edinburgh,2024-11-23,4.8,19.6,32.9
Glasgow,2024-02-16,7.8,19.0,23.3
London,2024-11-21,12.5,4.9,47.0
Cardiff,2024-06-12,23.0,4.5,32.1
Manchester,2024-06-07,22.0,17.4,11.3
Birmingham,2024-04-20,29.7,0.0,15.8
Edinburgh,2024-04-25,29.0,4.0,17.8
Glasgow,2024-01-27,16.0,12.9,42.7
London,2024-05-18,13.2,16.6,2.5
Cardiff,2024-06-14,-2.0,13.9,23.5
Manchester,2024-11-14,8.9,14.4,33.4
Birmingham,2024-04-17,26.4,5.6,20.1
Edinburgh,2024-03-21,13.4,18.0,45.3
Glasgow,2024-10-24,24.9,14.6,15.5
London,2024-08-14,-0.8,13.9,8.9
Cardiff,2024-12-04,14.8,16.7,30.2
Manchester,2024-11-06,0.6,13.4,3.4
Birmingham,2024-10-28,18.7,5.1,40.3
Edinburgh,2024-09-21,4.9,11.4,4.3
Glasgow,2024-06-04,1.4,11.9,38.5
London,2024-06-01,-3.4,18.9,16.3
Cardiff,2024-03-22,25.3,19.8,40.6
Manchester,2024-02-18,10.6,0.6,31.1
Birmingham,2024-11-06,11.2,19.5,14.0
Edinburgh,2024-01-27,26.9,10.8,21.7
Glasgow,2024-07-20,13.2,14.9,26.1
London,2024-01-18,19.1,15.4,2.7
Cardiff,2024-07-09,24.5,19.3,10.7
Manchester,2024-07-26,28.8,2.9,39.1
Birmingham,2024-07-20,-1.1,13.7,2.6
Edinburgh,2024-09-30,-0.6,13.7,2.8
Glasgow,2024-07-08,29.4,15.7,35.9
London,2024-06-07,23.7,5.0,25.3
Cardiff,2024-01-26,3.7,9.2,7.5
Manchester,2024-09-12,11.0,18.5,42.2
Birmingham,2024-02-17,22.5,9.6,34.7
Edinburgh,2024-01-20,15.8,18.6,6.1
Glasgow,2024-02-04,-3.6,4.1,1.6
London,2024-10-29,4.2,12.0,32.6
Cardiff,2024-10-22,-0.0,7.0,7.5
Manchester,2024-05-22,8.2,18.1,4.3
Birmingham,2024-02-29,28.7,5.1,31.6
Edinburgh,2024-09-03,11.5,0.1,1.0
Glasgow,2024-06-13,20.4,16.6,48.5
London,2024-07-24,10.4,3.3,43.7
Cardiff,2024-05-24,17.7,12.1,12.7
Manchester,2024-01-31,22.2,0.1,37.4
Birmingham,2024-04-16,11.6,7.3,17.7
Edinburgh,2024-01-01,14.8,13.6,28.0
Glasgow,2024-04-02,15.2,1.2,3.4
London,2024-02-19,8.0,8.4,48.5
Cardiff,2024-07-14,28.9,9.1,45.6
Manchester,2024-05-30,20.6,7.0,11.2
Birmingham,2024-05-16,-0.1,10.0,38.2
Edinburgh,2024-07-21,-2.1,15.4,19.8
Glasgow,2024-07-29,23.9,15.8,30.8
London,2024-06-27,21.5,10.8,49.1
Cardiff,2024-12-04,6.9,10.9,9.8
Manchester,2024-05-24,17.7,8.5,29.9
Birmingham,2024-04-29,18.5,8.3,23.0
Edinburgh,2024-05-24,17.8,2.1,42.4
Glasgow,2024-09-08,29.9,6.9,34.3
London,2024-11-22,-2.2,18.7,47.4
Cardiff,2024-03-29,23.7,10.7,13.5
Manchester,2024-09-30,13.3,8.0,39.7
Birmingham,2024-06-05,3.6,1.2,47.6
Edinburgh,2024-06-22,19.0,0.5,41.8
Glasgow,2024-07-25,9.1,1.5,45.2
London,2024-02-23,24.7,0.6,3.8
Cardiff,2024-08-12,14.6,10.5,39.3
Manchester,2024-02-25,25.0,0.1,5.8
Birmingham,2024-09-17,5.2,16.0,30.1
Edinburgh,2024-09-09,11.3,7.4,32.2
Glasgow,2024-03-31,24.7,14.8,15.8
London,2024-02-14,23.2,12.7,25.3
Cardiff,2024-07-13,11.6,8.3,1.8
Manchester,2024-05-17,18.9,17.9,3.4
Birmingham,2024-07-08,29.0,19.0,11.0
Edinburgh,2024-02-09,10.1,16.2,15.7
Glasgow,2024-12-02,-0.4,4.8,9.6
London,2024-01-31,20.8,9.0,25.3
Cardiff,2024-09-27,27.9,6.1,31.8
Manchester,2024-04-05,7.1,1.2,0.8
Birmingham,2024-11-27,16.0,9.7,46.4
Edinburgh,2024-10-04,26.8,4.7,45.4
Glasgow,2024-10-19,23.7,3.9,0.0
London,2024-03-19,24.9,9.7,34.0
Cardiff,2024-02-02,21.0,3.6,16.4
Manchester,2024-01-05,-0.1,1.0,28.7
Birmingham,2024-05-23,-4.7,4.7,15.1
Edinburgh,2024-12-05,28.0,3.2,15.7
Glasgow,2024-06-02,13.6,3.2,25.6
London,2024-06-20,22.6,11.1,40.4
Cardiff,2024-08-19,28.4,7.1,37.9
Manchester,2024-06-29,26.9,17.1,43.1
Birmingham,2024-04-30,11.4,13.7,0.5
Edinburgh,2024-12-03,8.1,5.2,31.6
Glasgow,2024-10-17,13.9,10.2,25.2
London,2024-10-15,10.6,1.2,11.5
Cardiff,2024-07-21,18.1,16.6,30.6
Manchester,2024-08-03,1.4,6.2,15.8
Birmingham,2024-07-11,23.6,1.9,48.0
Edinburgh,2024-04-26,27.8,16.2,11.0
Glasgow,2024-12-01,-1.8,6.5,12.5
London,2024-02-07,11.9,14.5,16.1
Cardiff,2024-01-01,20.3,19.7,33.9
Manchester,2024-03-21,12.0,4.5,15.4
Birmingham,2024-03-19,1.5,5.3,0.1
Edinburgh,2024-12-01,5.7,15.4,29.9
Glasgow,2024-11-15,11.6,7.9,45.5
London,2024-11-10,2.1,19.9,12.8
Cardiff,2024-03-31,-1.8,15.1,5.3
Manchester,2024-09-22,-0.5,6.9,9.0
Birmingham,2024-07-03,25.0,14.5,31.1
Edinburgh,2024-03-11,8.9,10.4,40.3
Glasgow,2024-11-15,24.9,4.4,42.4
London,2024-06-21,-3.4,18.2,19.5
Cardiff,2024-06-23,28.9,8.5,23.4
Manchester,2024-06-03,28.1,3.6,33.7
Birmingham,2024-07-14,28.9,14.8,33.5
Edinburgh,2024-10-22,3.4,4.6,2.4
Glasgow,2024-09-05,20.9,16.2,40.2
London,2024-03-12,3.4,1.1,0.3
Cardiff,2024-02-06,-0.7,13.0,8.8
Manchester,2024-08-24,15.3,0.8,31.5
Birmingham,2024-04-27,-3.5,11.1,12.6
Edinburgh,2024-07-07,7.0,2.6,46.3
Glasgow,2024-03-17,12.9,17.9,30.3
London,2024-10-24,-0.3,19.8,31.7
Cardiff,2024-06-27,22.0,15.8,29.2
Manchester,2024-02-10,11.5,4.3,46.7
Birmingham,2024-06-08,-1.9,15.5,14.5
Edinburgh,2024-01-17,9.2,18.9,9.6
Glasgow,2024-01-30,4.7,16.9,6.2
London,2024-09-07,29.2,14.5,47.7
Cardiff,2024-05-08,8.8,16.7,33.0
Manchester,2024-11-28,2.1,17.4,10.4
Birmingham,2024-06-23,-3.9,1.3,2.2
Edinburgh,2024-08-18,21.4,11.4,42.2
Glasgow,2024-06-26,9.7,1.8,32.4
London,2024-02-06,6.1,4.8,48.5
Cardiff,2024-04-18,9.8,1.5,45.8
Manchester,2024-09-07,21.3,8.8,0.1
Birmingham,2024-04-08,29.1,9.9,1.6
Edinburgh,2024-01-27,-0.4,7.6,26.2
Glasgow,2024-10-18,30.0,3.7,33.3
London,2024-07-26,22.9,8.6,26.6
Cardiff,2024-02-19,3.0,0.3,2.8
Manchester,2024-03-30,-4.6,12.6,28.7
Birmingham,2024-03-17,7.2,17.5,47.0
Edinburgh,2024-11-03,18.3,3.8,40.3
Glasgow,2024-01-28,5.9,12.4,5.2
London,2024-03-31,-4.5,6.2,25.2
Cardiff,2024-01-11,8.4,0.7,5.2
Manchester,2024-07-20,18.6,13.3,32.5
Birmingham,2024-07-26,-2.2,8.8,23.0
Edinburgh,2024-11-06,-3.7,9.0,44.4
Glasgow,2024-02-01,21.6,19.4,36.3
London,2024-04-16,28.5,11.7,46.6
Cardiff,2024-04-21,-3.1,12.8,32.7
Manchester,2024-10-15,18.8,5.0,1.6
Birmingham,2024-10-27,-1.2,15.1,34.8
Edinburgh,2024-10-09,11.1,5.5,28.6
Glasgow,2024-06-22,14.7,3.4,16.4
London,2024-02-15,29.0,6.8,36.1
Cardiff,2024-03-04,-4.1,1.7,5.1
Manchester,2024-05-27,22.5,7.9,33.7
Birmingham,2024-11-06,2.8,2.2,25.1
Edinburgh,2024-08-11,4.7,13.7,33.5
Glasgow,2024-03-17,3.3,12.7,45.8
London,2024-05-25,6.4,3.7,29.8
Cardiff,2024-04-01,24.7,4.0,8.1
Manchester,2024-05-01,9.8,16.4,47.8
Birmingham,2024-06-15,-3.6,2.3,37.9
Edinburgh,2024-07-12,1.5,14.1,42.7
Glasgow,2024-10-27,-0.3,17.4,17.5
London,2024-11-27,5.1,17.0,15.6
Cardiff,2024-04-29,2.9,5.2,43.8
Manchester,2024-05-16,12.7,10.6,8.2
Birmingham,2024-07-03,23.4,15.7,50.0
Edinburgh,2024-12-08,-2.2,8.3,29.8
Glasgow,2024-03-09,23.4,18.4,42.4
London,2024-11-28,26.5,7.7,16.9
Cardiff,2024-07-18,-4.1,7.0,44.9
Manchester,2024-11-11,-2.0,13.3,12.7
Birmingham,2024-01-22,5.3,4.0,37.0
Edinburgh,2024-07-19,2.4,10.4,18.6
Glasgow,2024-09-22,17.8,9.0,44.7
London,2024-03-24,1.4,13.2,14.2
Cardiff,2024-05-24,-4.0,15.3,48.3
Manchester,2024-06-16,6.7,16.7,18.6
Birmingham,2024-04-29,21.9,1.9,17.0
Edinburgh,2024-10-02,15.0,2.1,0.2
Glasgow,2024-06-10,15.5,7.4,2.0
London,2024-03-04,18.5,17.6,45.0
Cardiff,2024-11-03,13.4,18.4,48.9
Manchester,2024-08-31,13.0,5.0,2.2
Birmingham,2024-07-17,1.2,5.3,43.9
Edinburgh,2024-02-11,4.4,5.4,42.5
Glasgow,2024-09-14,11.5,19.4,0.5
London,2024-07-06,22.0,5.3,14.3
Cardiff,2024-06-07,25.4,15.2,9.1
Manchester,2024-04-22,5.2,14.7,13.4
Birmingham,2024-04-28,17.9,18.4,25.8
Edinburgh,2024-04-01,-0.5,19.7,25.0
Glasgow,2024-12-08,19.0,19.0,18.0
London,2024-09-29,19.0,2.0,19.1
Cardiff,2024-10-23,10.9,14.3,25.7
Manchester,2024-11-24,-1.5,12.6,25.6
Birmingham,2024-07-12,14.3,10.6,27.4
Edinburgh,2024-01-04,23.1,5.7,35.2
Glasgow,2024-01-28,10.7,1.5,24.7
London,2024-06-12,21.6,12.5,30.3
Cardiff,2024-01-07,18.2,0.8,13.3
Manchester,2024-07-29,3.9,1.6,25.8
Birmingham,2024-06-29,20.3,3.3,0.1
Edinburgh,2024-03-15,1.2,16.5,37.9
Glasgow,2024-05-03,16.1,14.6,7.1
London,2024-03-10,1.7,1.4,38.3
Cardiff,2024-02-17,14.3,1.4,18.3
Manchester,2024-08-30,16.8,19.5,49.1
Birmingham,2024-09-21,18.6,14.2,46.8
Edinburgh,2024-05-17,22.4,3.9,8.8
Glasgow,2024-05-20,-1.9,0.1,33.8
London,2024-09-08,21.7,19.7,18.3
Cardiff,2024-10-03,15.3,4.7,45.4
Manchester,2024-01-07,26.5,10.1,49.3
Birmingham,2024-01-06,2.0,10.5,26.0
Edinburgh,2024-10-28,12.4,5.7,19.6
Glasgow,2024-05-01,6.8,17.6,6.8
London,2024-01-05,6.0,6.3,10.5
Cardiff,2024-08-28,-4.4,12.4,33.3
Manchester,2024-10-30,29.9,7.0,35.0
Birmingham,2024-08-19,-3.0,8.8,6.3
Edinburgh,2024-03-17,-1.4,2.8,12.1
Glasgow,2024-02-08,13.7,5.9,19.6
London,2024-01-07,19.4,2.9,49.6
Cardiff,2024-05-17,13.9,16.7,13.2
Manchester,2024-08-29,1.3,16.3,17.7
Birmingham,2024-02-05,3.7,8.6,35.2
Edinburgh,2024-11-20,29.6,5.4,14.7
Glasgow,2024-04-27,14.9,19.3,41.1
London,2024-05-13,18.8,12.4,9.9
Cardiff,2024-09-15,10.3,11.2,20.0
Manchester,2024-08-18,19.1,5.4,44.2
Birmingham,2024-11-10,19.0,18.1,16.1
Edinburgh,2024-09-14,21.4,13.5,42.2
Glasgow,2024-06-29,-2.0,9.5,25.0
London,2024-07-07,9.5,6.9,2.7
Cardiff,2024-11-01,10.9,17.1,8.2
Manchester,2024-01-10,19.6,9.7,30.9
Birmingham,2024-05-20,25.9,0.9,38.1
Edinburgh,2024-10-04,10.9,10.7,27.1
Glasgow,2024-01-09,4.1,18.2,49.5
London,2024-10-03,9.0,5.6,8.1
Cardiff,2024-07-25,4.6,4.7,42.5
Manchester,2024-11-08,17.9,16.6,39.6
Birmingham,2024-11-22,21.7,18.9,0.6
Edinburgh,2024-07-15,23.9,11.0,18.6
Glasgow,2024-02-04,22.5,0.7,3.0
London,2024-11-09,3.5,12.8,46.7
Cardiff,2024-12-04,4.8,1.9,48.5
Manchester,2024-09-25,23.7,14.1,1.2
Birmingham,2024-02-14,29.5,13.9,38.9
Edinburgh,2024-03-16,26.9,7.0,13.5
Glasgow,2024-10-31,7.7,9.5,5.8
London,2024-03-04,16.0,19.6,38.9
Cardiff,2024-05-17,3.5,15.0,44.0
Manchester,2024-01-29,18.0,18.3,22.0
Birmingham,2024-09-07,16.9,5.6,8.0
Edinburgh,2024-03-22,3.4,3.1,8.8
Glasgow,2024-06-29,4.8,12.1,18.8
London,2024-03-20,25.5,16.0,26.4
Cardiff,2024-04-01,-3.7,14.2,17.0
Manchester,2024-04-23,4.6,8.6,49.5
Birmingham,2024-06-13,25.2,18.3,20.1
Edinburgh,2024-09-30,7.1,6.3,30.5
Glasgow,2024-04-05,8.7,8.7,48.5
London,2024-04-12,21.4,9.0,2.5
Cardiff,2024-09-03,26.6,15.1,1.8
Manchester,2024-08-16,7.2,8.9,48.6
Birmingham,2024-09-02,22.2,6.1,44.7
Edinburgh,2024-07-17,-3.8,13.4,2.2
Glasgow,2024-11-14,6.7,7.0,44.7
London,2024-07-05,13.0,1.1,18.3
Cardiff,2024-05-09,18.4,9.5,39.9
Manchester,2024-01-05,21.2,8.1,13.8
Birmingham,2024-11-03,23.4,6.0,19.9
Edinburgh,2024-04-03,11.4,15.7,37.9
Glasgow,2024-10-11,19.5,8.7,7.1
London,2024-11-15,-4.8,18.0,45.1
Cardiff,2024-07-20,10.9,18.3,49.9
Manchester,2024-03-11,17.6,9.3,25.3
Birmingham,2024-05-11,9.5,11.9,34.0
Edinburgh,2024-09-17,-0.3,11.7,23.6
Glasgow,2024-01-30,21.6,17.0,24.7
London,2024-04-24,0.8,19.4,0.6
Cardiff,2024-04-04,6.9,8.8,39.4
Manchester,2024-04-13,9.5,13.0,1.9
Birmingham,2024-09-12,30.0,1.8,2.3
Edinburgh,2024-06-10,29.6,9.7,5.1
Glasgow,2024-09-27,22.0,2.7,15.9
London,2024-02-03,23.9,8.4,25.2
Cardiff,2024-11-26,-1.3,19.2,11.6
Manchester,2024-03-12,24.4,1.6,8.9
Birmingham,2024-01-03,25.1,2.6,12.6
Edinburgh,2024-05-31,0.1,12.7,45.9
Glasgow,2024-09-10,5.9,8.2,27.8
London,2024-02-22,18.5,6.3,4.2
Cardiff,2024-05-19,28.9,18.2,37.4
Manchester,2024-08-01,21.4,12.4,18.1
Birmingham,2024-03-11,26.0,18.8,44.2
Edinburgh,2024-04-18,14.1,15.6,10.7
Glasgow,2024-05-04,23.9,18.6,30.0
London,2024-08-29,15.5,4.1,7.5
Cardiff,2024-02-25,8.9,3.3,35.7
Manchester,2024-01-05,15.1,17.0,27.8
Birmingham,2024-03-29,3.7,13.5,1.0
Edinburgh,2024-11-24,11.9,13.3,7.3
Glasgow,2024-07-02,0.9,9.9,48.6
London,2024-10-16,7.8,1.7,14.8
Cardiff,2024-06-29,-4.1,17.7,15.9
Manchester,2024-03-02,1.4,7.4,30.1
Birmingham,2024-10-20,-0.3,9.1,24.1
Edinburgh,2024-08-08,21.5,9.9,19.7
Glasgow,2024-03-30,16.9,17.2,32.8
London,2024-08-16,-3.0,2.3,32.3
Cardiff,2024-07-22,-1.8,14.0,8.4
Manchester,2024-01-24,8.3,8.2,43.9
Birmingham,2024-07-14,12.6,10.9,41.3
Edinburgh,2024-05-14,-4.2,5.8,11.4
Glasgow,2024-08-17,6.8,5.5,32.1
London,2024-02-16,2.8,7.2,42.8
Cardiff,2024-08-20,12.0,4.3,11.2
Manchester,2024-02-26,22.3,6.5,34.3
Birmingham,2024-11-25,28.1,0.4,38.3
Edinburgh,2024-06-30,17.4,4.6,44.3
Glasgow,2024-11-16,-0.6,2.6,45.7
London,2024-05-13,12.5,9.6,45.6
Cardiff,2024-01-28,-4.6,17.1,41.2
Manchester,2024-05-10,21.7,18.5,43.0
Birmingham,2024-08-07,27.6,0.5,20.0
Edinburgh,2024-03-30,12.7,15.6,28.5
Glasgow,2024-01-26,7.0,13.7,22.3
London,2024-01-06,29.3,13.9,8.5
Cardiff,2024-07-06,26.0,18.5,11.5
Manchester,2024-05-13,24.8,13.4,25.5
Birmingham,2024-11-17,-3.0,2.6,26.3
Edinburgh,2024-09-13,1.9,11.0,43.2
Glasgow,2024-07-02,11.1,13.3,29.5
London,2024-11-24,4.0,10.1,41.0
Cardiff,2024-02-11,5.2,11.6,25.4
Manchester,2024-10-11,-3.4,8.7,22.6
Birmingham,2024-08-24,13.5,15.1,36.3
Edinburgh,2024-01-08,7.4,17.1,35.2
Glasgow,2024-09-22,28.4,15.5,45.4
London,2024-07-28,23.6,14.3,3.0
Cardiff,2024-05-11,14.9,17.7,4.1
Manchester,2024-11-29,26.7,19.6,31.8
Birmingham,2024-10-08,18.0,19.9,14.5
Edinburgh,2024-03-31,-3.3,9.9,17.5
Glasgow,2024-11-13,3.4,9.7,16.1
London,2024-10-11,21.9,9.6,25.5
Cardiff,2024-02-11,15.9,5.9,49.7
Manchester,2024-02-08,4.6,13.7,43.3
Birmingham,2024-04-11,18.7,4.0,20.7
Edinburgh,2024-02-05,-2.1,6.2,15.2
Glasgow,2024-06-20,11.6,7.8,37.4
London,2024-03-15,8.2,17.6,21.3
Cardiff,2024-05-10,0.8,10.2,15.4
Manchester,2024-11-17,8.7,18.5,26.4
Birmingham,2024-09-02,3.3,14.8,22.4
Edinburgh,2024-05-23,18.9,17.2,45.0
Glasgow,2024-02-16,22.9,5.0,48.4
London,2024-10-06,27.1,13.4,39.0
Cardiff,2024-06-07,27.1,7.6,31.8
Manchester,2024-05-21,-1.9,1.4,3.8
Birmingham,2024-01-01,23.4,4.8,24.0
Edinburgh,2024-06-28,19.6,3.7,47.3
Glasgow,2024-10-04,2.6,5.5,16.4
London,2024-07-01,6.6,6.9,2.7
Cardiff,2024-04-23,20.0,7.6,14.9
Manchester,2024-05-14,-2.1,4.2,3.1
Birmingham,2024-03-02,13.9,9.6,26.9
Edinburgh,2024-01-11,23.6,5.2,26.4
Glasgow,2024-05-29,19.3,19.6,50.0
London,2024-02-04,-1.8,11.9,30.6
Cardiff,2024-09-24,5.1,18.3,1.7
Manchester,2024-06-13,7.4,15.8,16.3
Birmingham,2024-05-16,23.9,4.5,2.2
Edinburgh,2024-10-30,19.7,2.3,15.5
Glasgow,2024-12-09,13.9,5.5,47.5
London,2024-04-08,4.4,2.2,8.9
Cardiff,2024-06-27,9.2,4.7,2.7
Manchester,2024-03-20,13.3,15.9,45.2
Birmingham,2024-02-10,11.0,10.2,12.9
Edinburgh,2024-04-26,6.2,6.6,11.2
Glasgow,2024-03-08,1.8,17.7,47.0
London,2024-02-25,27.2,18.6,20.4
Cardiff,2024-07-24,29.7,11.7,27.5
Manchester,2024-02-22,8.7,1.3,38.7
Birmingham,2024-10-16,-3.8,15.8,19.3
Edinburgh,2024-08-23,20.9,9.6,21.5
Glasgow,2024-11-24,0.4,15.6,25.8
London,2024-10-12,4.1,16.8,0.0
Cardiff,2024-08-15,-3.5,17.8,1.9
Manchester,2024-03-01,17.3,12.9,24.7
Birmingham,2024-05-15,4.7,10.8,20.0
Edinburgh,2024-03-06,26.2,14.2,45.1
Glasgow,2024-04-21,-4.3,3.0,17.7
London,2024-06-26,28.5,8.6,21.7
Cardiff,2024-09-08,24.7,5.5,33.1
Manchester,2024-10-24,17.6,19.9,8.7
Birmingham,2024-11-29,-3.7,16.8,15.2
Edinburgh,2024-03-27,17.8,8.0,1.9
Glasgow,2024-04-23,22.0,12.9,19.8
London,2024-12-09,7.0,6.5,10.3
Cardiff,2024-02-02,-3.2,13.7,18.8
Manchester,2024-10-03,4.5,0.6,11.3
Birmingham,2024-01-08,20.8,10.8,23.7
Edinburgh,2024-01-02,0.4,17.5,30.6
Glasgow,2024-01-24,5.1,6.7,18.2
London,2024-03-03,26.5,5.2,18.3
Cardiff,2024-04-28,10.4,8.8,36.5
Manchester,2024-05-06,3.8,18.1,18.4
Birmingham,2024-09-30,-3.5,11.4,25.3
Edinburgh,2024-02-12,18.1,5.4,6.0
Glasgow,2024-04-25,26.3,17.8,49.9
London,2024-07-12,13.0,10.1,23.0
Cardiff,2024-07-22,-0.9,1.7,44.2
Manchester,2024-01-23,23.0,8.6,46.9
Birmingham,2024-05-10,8.0,11.1,9.9
Edinburgh,2024-06-26,5.9,11.0,36.5
Glasgow,2024-07-24,21.9,16.7,27.6
London,2024-02-04,28.6,5.5,26.0
Cardiff,2024-03-07,29.6,14.5,46.8
Manchester,2024-10-29,-2.9,0.6,15.2
Birmingham,2024-01-14,1.7,15.9,3.7
Edinburgh,2024-10-25,18.4,17.7,1.3
Glasgow,2024-10-03,22.0,0.4,12.8
London,2024-08-06,-4.4,17.7,38.3
Cardiff,2024-03-15,8.3,0.2,41.1
Manchester,2024-07-07,21.7,1.5,29.3
Birmingham,2024-03-04,-0.7,10.0,14.6
Edinburgh,2024-01-22,-2.3,13.6,5.0
Glasgow,2024-06-09,8.6,5.7,47.4
London,2024-06-08,17.9,2.8,49.2
Cardiff,2024-04-02,5.1,2.4,36.9
Manchester,2024-11-30,16.0,7.6,31.1
Birmingham,2024-10-20,3.5,17.1,13.1
Edinburgh,2024-08-03,25.9,7.0,11.5
Glasgow,2024-10-24,20.2,5.8,10.3
London,2024-10-21,-1.8,16.3,38.6
Cardiff,2024-10-30,9.6,1.2,17.8
Manchester,2024-04-24,25.7,0.5,20.6
Birmingham,2024-06-15,21.7,10.8,27.9
Edinburgh,2024-04-08,10.5,15.3,45.2
Glasgow,2024-06-22,14.2,7.0,6.2
London,2024-11-20,11.3,2.7,28.4
Cardiff,2024-10-23,-4.4,13.3,27.3
Manchester,2024-05-10,11.1,11.0,25.8
Birmingham,2024-07-04,2.8,10.6,37.7
Edinburgh,2024-06-15,15.7,11.2,45.9
Glasgow,2024-08-16,9.8,16.5,8.8
London,2024-07-22,2.4,17.5,7.8
Cardiff,2024-04-10,0.8,15.9,34.7
Manchester,2024-01-17,9.2,15.8,45.9
Birmingham,2024-08-16,-1.0,12.9,2.1
Edinburgh,2024-03-11,18.5,11.5,28.3
Glasgow,2024-03-27,27.3,5.8,0.3
London,2024-07-14,18.3,4.6,31.7
Cardiff,2024-05-09,9.2,19.5,32.1
Manchester,2024-06-12,17.9,6.2,9.7
Birmingham,2024-06-29,4.6,3.4,45.5
Edinburgh,2024-06-03,22.4,6.9,33.4
Glasgow,2024-06-09,11.7,15.2,15.6
London,2024-05-29,16.5,14.3,24.0
Cardiff,2024-08-31,10.4,5.7,11.0
Manchester,2024-05-09,-0.3,17.4,46.3
Birmingham,2024-10-25,28.9,9.8,26.5
Edinburgh,2024-05-14,26.3,3.9,43.1
Glasgow,2024-11-30,9.1,16.1,9.1
London,2024-01-03,15.6,4.6,21.7
Cardiff,2024-10-09,24.0,11.3,28.3
Manchester,2024-09-16,14.5,12.7,11.5
Birmingham,2024-05-29,12.9,6.4,10.6
Edinburgh,2024-02-19,22.1,14.2,28.5
Glasgow,2024-04-26,-1.4,11.3,45.4
London,2024-02-25,2.3,17.6,20.7
Cardiff,2024-08-10,-2.5,17.6,15.3
Manchester,2024-03-12,5.2,11.9,15.4
Birmingham,2024-07-25,8.3,11.6,38.8
Edinburgh,2024-05-09,24.8,15.9,14.2
Glasgow,2024-10-14,5.2,7.9,21.1
London,2024-11-11,26.1,11.8,0.3
Cardiff,2024-03-24,21.6,14.4,5.6
Manchester,2024-08-27,3.2,15.5,3.5
Birmingham,2024-08-10,21.0,1.7,28.1
Edinburgh,2024-08-15,-3.5,17.6,23.5
Glasgow,2024-10-04,25.0,7.3,15.1
London,2024-03-18,-3.0,3.1,5.5
Cardiff,2024-07-05,-1.6,17.9,30.0
Manchester,2024-03-11,3.9,2.9,14.3
Birmingham,2024-04-27,1.2,9.3,49.9
Edinburgh,2024-07-24,22.9,1.1,17.5
Glasgow,2024-03-22,5.6,18.7,18.2
London,2024-05-08,14.5,16.9,22.7
Cardiff,2024-02-19,12.8,7.1,49.0
Manchester,2024-08-15,22.2,7.0,22.7
Birmingham,2024-11-22,23.1,5.0,0.5
Edinburgh,2024-01-20,23.4,4.4,34.2
Glasgow,2024-06-10,24.4,5.9,44.8
London,2024-05-05,16.9,11.5,49.2
Cardiff,2024-06-08,20.4,9.6,8.9
Manchester,2024-01-06,20.9,0.4,48.9
Birmingham,2024-01-08,1.0,1.5,13.0
Edinburgh,2024-03-11,-0.7,11.6,5.9
Glasgow,2024-07-16,12.8,1.6,16.5
London,2024-09-27,21.8,4.6,38.8
Cardiff,2024-06-11,23.0,9.8,28.5
Manchester,2024-08-28,20.5,2.7,15.0
Birmingham,2024-07-02,22.6,15.0,5.3
Edinburgh,2024-11-15,-1.1,7.1,8.0
Glasgow,2024-02-02,13.3,18.3,9.6
London,2024-01-29,8.9,9.2,4.1
Cardiff,2024-06-27,19.4,18.7,40.6
Manchester,2024-02-14,13.7,8.2,16.1
Birmingham,2024-10-24,3.7,17.7,17.7
Edinburgh,2024-07-14,6.0,14.8,16.8
Glasgow,2024-11-15,-2.8,13.3,44.9
London,2024-09-09,8.0,13.5,46.4
Cardiff,2024-04-16,-0.2,19.0,24.2
Manchester,2024-08-19,12.5,10.2,35.2
Birmingham,2024-08-06,23.5,13.0,13.0
Edinburgh,2024-01-16,3.9,17.6,12.7
Glasgow,2024-08-23,-0.9,1.9,36.8
London,2024-09-06,13.4,5.6,25.3
Cardiff,2024-10-29,2.7,14.0,3.3
Manchester,2024-06-30,-2.9,18.9,48.8
Birmingham,2024-02-15,23.0,14.2,20.8
Edinburgh,2024-08-15,8.1,4.5,42.2
Glasgow,2024-06-02,7.3,14.3,30.3
London,2024-08-28,21.1,16.6,10.6
Cardiff,2024-02-19,-0.5,15.1,2.5
Manchester,2024-01-05,-1.6,19.9,31.9
Birmingham,2024-08-14,8.8,6.6,9.4
Edinburgh,2024-11-08,1.0,18.1,22.8
Glasgow,2024-07-23,28.6,14.8,19.1
London,2024-05-14,6.4,1.0,14.9
Cardiff,2024-07-09,6.6,15.4,21.7
Manchester,2024-10-27,13.1,6.8,6.9
Birmingham,2024-01-04,10.9,11.6,4.2
Edinburgh,2024-01-01,6.9,7.2,32.7
Glasgow,2024-02-11,-3.7,7.8,47.5
London,2024-09-15,-4.6,20.0,49.0
Cardiff,2024-11-26,20.2,11.5,46.0
Manchester,2024-08-01,15.8,16.3,8.6
Birmingham,2024-07-13,13.7,5.6,37.9
Edinburgh,2024-11-18,6.3,19.8,22.8
Glasgow,2024-03-21,16.2,6.2,16.2
London,2024-04-07,24.5,2.0,1.7
Cardiff,2024-11-27,26.9,5.7,0.8
Manchester,2024-04-06,12.8,7.1,10.8
Birmingham,2024-07-18,16.7,17.2,16.3
Edinburgh,2024-07-26,23.9,10.1,33.7
Glasgow,2024-11-02,15.3,6.8,11.2
London,2024-11-21,23.2,10.3,22.5
Cardiff,2024-07-24,22.3,1.9,7.9
Manchester,2024-03-11,20.6,11.3,14.6
Birmingham,2024-10-24,26.8,6.1,36.7
Edinburgh,2024-08-25,14.9,15.3,36.9
Glasgow,2024-03-16,5.3,18.2,17.6
London,2024-09-20,7.1,0.8,16.5
Cardiff,2024-04-25,-0.4,2.7,24.4
Manchester,2024-02-12,6.9,9.1,8.6
Birmingham,2024-07-03,18.9,15.4,21.2
Edinburgh,2024-04-10,29.5,18.7,21.6
Glasgow,2024-08-16,24.1,18.3,34.8
London,2024-04-28,-4.7,12.8,41.1
Cardiff,2024-02-02,10.4,3.2,29.5
Manchester,2024-03-11,1.6,10.1,3.1
Birmingham,2024-03-03,17.6,15.4,46.7
Edinburgh,2024-07-19,3.0,12.3,14.1
Glasgow,2024-09-11,6.2,6.8,17.9
London,2024-06-30,19.6,5.2,40.5
Cardiff,2024-06-03,-3.2,7.9,27.6
Manchester,2024-05-11,-0.2,7.7,47.8
Birmingham,2024-11-07,1.4,8.7,49.2
Edinburgh,2024-11-13,8.3,19.7,29.5
Glasgow,2024-08-12,7.3,1.7,5.6
London,2024-01-02,8.7,5.3,15.7
Cardiff,2024-04-27,28.3,16.6,33.7
Manchester,2024-07-13,-4.2,13.1,17.5
Birmingham,2024-08-09,17.0,1.0,14.9
Edinburgh,2024-11-09,-0.6,10.4,21.9
Glasgow,2024-09-07,27.7,14.5,21.7
London,2024-08-17,19.6,4.7,7.8
Cardiff,2024-03-10,6.9,3.6,35.5
Manchester,2024-08-06,24.5,6.7,6.6
Birmingham,2024-10-17,0.4,0.0,13.1
Edinburgh,2024-02-19,20.6,10.7,17.3
Glasgow,2024-03-24,27.9,12.8,40.7
London,2024-06-15,19.3,9.2,16.4
Cardiff,2024-08-23,11.3,13.0,33.9
Manchester,2024-06-11,-3.4,13.6,34.0
Birmingham,2024-02-02,16.2,1.8,2.3
Edinburgh,2024-11-12,28.5,3.9,20.9
Glasgow,2024-11-26,20.5,6.1,31.9
London,2024-04-19,28.8,2.4,31.2
Cardiff,2024-09-07,3.1,7.4,21.3
Manchester,2024-06-26,20.9,15.2,22.4
Birmingham,2024-11-06,24.1,8.5,22.3
Edinburgh,2024-01-26,28.8,0.1,31.4
Glasgow,2024-02-05,6.2,1.5,39.2
London,2024-04-26,23.4,0.9,41.5
Cardiff,2024-01-12,10.6,12.7,38.1
Manchester,2024-11-20,24.9,11.4,22.7
Birmingham,2024-09-14,30.0,14.4,17.2
Edinburgh,2024-02-25,-3.6,3.2,33.7
Glasgow,2024-03-30,20.8,0.3,45.3
London,2024-12-10,16.2,18.5,41.8
Cardiff,2024-09-19,16.6,14.0,6.7
Manchester,2024-09-24,19.4,8.4,2.4
Birmingham,2024-02-12,8.0,8.9,23.6
Edinburgh,2024-02-22,0.2,7.0,41.5
Glasgow,2024-06-10,14.3,0.6,14.4
London,2024-05-05,12.7,7.1,16.1
Cardiff,2024-05-30,2.6,15.0,4.2
Manchester,2024-01-02,29.8,8.6,26.6
Birmingham,2024-09-27,23.7,4.4,8.5
Edinburgh,2024-05-21,-4.2,8.4,9.6
Glasgow,2024-11-18,7.4,3.5,38.8
London,2024-05-28,29.1,14.5,21.7
Cardiff,2024-04-11,-1.8,8.6,0.6
Manchester,2024-01-07,9.4,18.5,18.0
Birmingham,2024-01-02,0.8,8.3,32.0
Edinburgh,2024-02-20,29.3,0.3,17.2
Glasgow,2024-09-11,6.9,9.3,27.6
London,2024-03-28,1.3,8.0,10.7
Cardiff,2024-02-28,23.3,16.4,41.2
Manchester,2024-08-23,21.7,7.7,34.1
Birmingham,2024-08-05,27.9,2.1,19.0
Edinburgh,2024-02-08,4.8,0.6,0.4
Glasgow,2024-09-17,10.5,12.8,40.5
London,2024-01-09,16.7,20.0,47.8
Cardiff,2024-10-03,13.6,15.0,13.9
Manchester,2024-06-18,11.9,11.8,16.7
Birmingham,2024-03-08,-0.5,14.0,34.2
Edinburgh,2024-06-15,21.9,4.5,32.5
Glasgow,2024-02-16,1.2,9.2,18.9
London,2024-04-18,6.3,19.5,25.5
Cardiff,2024-02-02,15.1,11.6,20.8
Manchester,2024-09-01,27.6,3.8,44.5
Birmingham,2024-10-27,-1.5,9.4,41.0
Edinburgh,2024-03-29,28.8,7.4,0.2
Glasgow,2024-08-10,17.9,4.4,35.1
London,2024-02-20,-2.4,10.6,46.5
Cardiff,2024-08-11,1.5,2.6,44.7
Manchester,2024-04-18,21.6,13.9,44.0
Birmingham,2024-06-10,4.3,12.7,46.5
Edinburgh,2024-05-01,24.5,19.9,10.7
Glasgow,2024-06-01,8.7,12.9,4.2
London,2024-03-13,5.0,15.5,12.0
Cardiff,2024-03-17,19.3,4.4,2.1
Manchester,2024-09-24,18.7,1.7,38.0
Birmingham,2024-11-04,23.1,18.2,4.7
Edinburgh,2024-01-22,15.9,12.2,13.9
Glasgow,2024-11-27,21.3,18.3,43.2
London,2024-07-20,6.7,16.4,19.2
Cardiff,2024-01-02,15.0,8.3,41.4
Manchester,2024-04-09,25.3,4.5,34.2
Birmingham,2024-01-16,25.4,13.7,3.8
Edinburgh,2024-08-13,28.8,8.9,22.3
Glasgow,2024-02-02,-4.1,7.0,9.3
London,2024-04-04,7.1,15.3,31.3
Cardiff,2024-05-06,2.7,8.7,36.8
Manchester,2024-06-12,5.7,14.6,25.3
Birmingham,2024-04-06,18.7,17.3,18.3
Edinburgh,2024-01-17,24.9,19.3,45.9
Glasgow,2024-07-20,15.6,17.6,47.1
London,2024-05-14,6.3,7.3,35.9
Cardiff,2024-03-22,13.5,8.1,28.1
Manchester,2024-10-26,8.8,10.1,6.3
Birmingham,2024-11-27,6.7,17.7,10.7
Edinburgh,2024-01-25,29.7,5.2,17.6
Glasgow,2024-05-05,1.0,12.5,22.4
London,2024-04-12,27.4,5.9,15.0
Cardiff,2024-01-27,12.4,12.9,15.2
Manchester,2024-09-23,23.4,12.9,37.4
Birmingham,2024-04-26,24.2,2.8,42.8
Edinburgh,2024-05-17,14.1,12.6,23.2
Glasgow,2024-09-07,15.0,12.6,2.2
London,2024-09-03,8.5,6.0,22.5
Cardiff,2024-01-04,9.7,10.6,22.0
Manchester,2024-11-27,15.8,10.0,32.4
Birmingham,2024-01-30,4.8,14.5,10.2
Edinburgh,2024-03-12,20.6,1.2,17.4
Glasgow,2024-08-08,1.6,18.6,47.1
London,2024-08-11,-4.4,7.3,13.6
Cardiff,2024-06-26,3.4,6.2,6.4
Manchester,2024-01-06,-0.3,16.2,21.0
Birmingham,2024-07-03,2.7,17.6,26.2
Edinburgh,2024-04-12,6.6,8.0,15.2
Glasgow,2024-11-26,21.9,4.5,8.2
London,2024-02-21,-1.0,15.0,49.5
Cardiff,2024-10-09,10.3,19.5,0.3
Manchester,2024-04-23,24.1,16.0,40.3
Birmingham,2024-07-24,0.7,12.5,38.3
Edinburgh,2024-01-10,12.8,12.5,46.3
Glasgow,2024-07-17,1.3,13.0,5.8
London,2024-07-11,21.0,15.8,15.1
Cardiff,2024-07-26,29.2,3.1,45.1
Manchester,2024-01-09,25.7,9.2,0.9
Birmingham,2024-10-09,6.5,3.5,29.9
Edinburgh,2024-06-03,-0.9,5.2,46.9
Glasgow,2024-02-15,-3.7,3.2,48.8
London,2024-11-12,27.8,11.5,38.1
Cardiff,2024-11-22,8.5,3.8,33.4
Manchester,2024-06-03,15.8,17.2,42.5
Birmingham,2024-12-01,19.6,5.5,36.2
Edinburgh,2024-09-15,-2.2,10.6,2.0
Glasgow,2024-05-20,25.6,17.1,47.1
London,2024-06-09,16.1,8.6,16.5
Cardiff,2024-03-31,3.1,13.2,9.6
Manchester,2024-04-13,20.9,5.5,39.9
Birmingham,2024-07-29,-0.5,3.8,23.2
Edinburgh,2024-05-04,18.4,18.9,48.1
Glasgow,2024-02-15,27.1,10.2,5.0
London,2024-09-28,10.9,19.9,39.1
Cardiff,2024-10-14,26.3,15.4,11.8
Manchester,2024-05-08,7.8,4.4,15.3
Birmingham,2024-02-27,7.1,18.2,7.4
Edinburgh,2024-06-02,25.0,7.9,46.3
Glasgow,2024-11-24,23.8,8.1,0.9
London,2024-10-15,10.1,9.4,0.7
Cardiff,2024-08-19,-4.3,5.3,22.2
Manchester,2024-08-12,24.1,3.4,19.7
Birmingham,2024-09-20,13.5,15.3,24.5
Edinburgh,2024-11-21,29.8,2.7,4.8
Glasgow,2024-11-04,22.5,7.6,16.5
London,2024-12-03,21.6,6.5,34.3
Cardiff,2024-02-04,25.3,12.9,42.0
Manchester,2024-06-07,28.1,10.1,26.5
Birmingham,2024-03-20,22.2,16.8,0.5
Edinburgh,2024-07-03,15.4,5.1,27.3
Glasgow,2024-08-11,26.0,0.2,12.3
London,2024-12-04,16.0,8.5,42.9
Cardiff,2024-10-26,-1.9,14.0,34.7
Manchester,2024-01-04,16.5,0.9,25.3
Birmingham,2024-03-24,-0.6,13.0,7.7
Edinburgh,2024-04-15,25.6,8.5,46.9
Glasgow,2024-09-22,18.3,4.9,5.0
London,2024-11-26,22.6,0.9,32.4
Cardiff,2024-06-11,27.7,3.1,28.0
Manchester,2024-02-19,6.8,14.0,20.8
Birmingham,2024-03-05,23.3,19.2,18.4
Edinburgh,2024-10-31,18.8,0.3,33.9
Glasgow,2024-01-13,13.6,15.5,28.0
London,2024-06-18,10.8,10.9,3.9
Cardiff,2024-10-13,3.2,13.9,0.3
Manchester,2024-06-12,7.4,3.5,40.0
Birmingham,2024-12-05,27.3,18.5,45.0
Edinburgh,2024-05-20,20.1,18.7,23.0
Glasgow,2024-03-11,2.3,14.3,27.5
London,2024-05-29,12.9,10.6,13.5
Cardiff,2024-04-14,-1.6,7.2,43.8
Manchester,2024-01-22,15.2,5.8,48.0
Birmingham,2024-11-03,16.0,7.8,12.0
Edinburgh,2024-07-06,4.4,1.5,10.8
Glasgow,2024-11-23,6.4,16.5,26.2
London,2024-09-30,14.1,15.5,43.0
Cardiff,2024-11-01,6.0,15.4,9.6
Manchester,2024-06-23,23.1,8.2,18.5
Birmingham,2024-02-19,16.5,14.6,21.4
Edinburgh,2024-05-23,-1.1,15.7,24.6
Glasgow,2024-06-06,18.0,10.5,31.7
London,2024-04-02,24.8,3.9,29.4
Cardiff,2024-05-11,13.5,14.4,28.3
Manchester,2024-08-01,20.8,0.2,28.9
Birmingham,2024-09-02,15.7,2.8,8.2
Edinburgh,2024-04-02,3.2,9.0,10.7
Glasgow,2024-06-03,7.6,17.6,3.0
London,2024-12-03,16.0,1.5,10.5
Cardiff,2024-04-28,20.6,11.9,40.8
Manchester,2024-01-19,6.8,7.2,10.0
Birmingham,2024-09-08,4.9,15.8,17.3
Edinburgh,2024-10-06,24.8,19.6,27.0
Glasgow,2024-07-17,27.0,6.7,41.8
London,2024-01-20,22.0,2.9,28.2
Cardiff,2024-01-24,29.5,10.9,36.1
Manchester,2024-05-23,13.0,0.0,23.9
Birmingham,2024-06-02,22.1,14.3,23.4
Edinburgh,2024-01-25,25.5,14.6,4.4
Glasgow,2024-03-19,20.0,12.3,2.9
London,2024-12-03,18.7,4.1,19.0
Cardiff,2024-03-18,5.4,5.6,29.0
Manchester,2024-02-22,25.1,11.6,0.5
Birmingham,2024-11-09,7.7,13.1,46.7
Edinburgh,2024-03-17,-1.2,0.2,34.1
Glasgow,2024-06-23,6.5,3.6,21.0
London,2024-08-03,-3.4,5.7,43.6
Cardiff,2024-11-27,13.6,5.0,15.0
Manchester,2024-06-23,29.0,18.6,33.3
Birmingham,2024-04-29,20.1,11.7,16.5
Edinburgh,2024-01-03,-4.2,6.6,33.5
Glasgow,2024-07-05,2.8,1.6,18.4
London,2024-01-30,12.7,2.7,3.3
Cardiff,2024-04-14,28.1,14.9,33.2
Manchester,2024-09-28,20.5,16.8,40.2
Birmingham,2024-08-04,14.6,1.2,10.6
Edinburgh,2024-06-28,29.9,15.1,2.6
Glasgow,2024-06-12,25.3,5.3,24.7
London,2024-02-01,25.9,8.3,22.4
Cardiff,2024-02-16,11.4,16.9,48.4
Manchester,2024-05-30,4.2,20.0,46.4
Birmingham,2024-07-25,21.1,11.5,6.6
Edinburgh,2024-05-26,28.9,0.1,23.6
Glasgow,2024-05-06,22.7,5.0,47.8
London,2024-02-19,20.0,12.4,30.5
Cardiff,2024-07-18,17.3,16.9,31.8
Manchester,2024-08-23,-3.8,8.2,34.9
Birmingham,2024-02-21,3.0,9.8,10.2
Edinburgh,2024-02-01,29.8,15.9,12.7
Glasgow,2024-04-17,3.8,11.0,25.3
London,2024-05-29,28.6,7.1,14.3
Cardiff,2024-11-03,18.6,0.9,15.8
Manchester,2024-07-24,-0.9,9.1,39.1
Birmingham,2024-09-02,7.3,12.2,49.8
Edinburgh,2024-03-20,19.4,1.2,21.9
Glasgow,2024-11-06,18.3,12.0,40.0
London,2024-10-30,12.4,17.7,41.3
Cardiff,2024-08-18,0.3,19.4,31.4
Manchester,2024-06-16,4.3,5.5,23.8
Birmingham,2024-06-01,21.8,7.4,33.1
Edinburgh,2024-06-07,5.2,1.3,1.3
Glasgow,2024-03-15,8.6,8.5,31.1
London,2024-05-19,-1.8,6.3,49.9
Cardiff,2024-10-11,18.4,11.3,47.7
Manchester,2024-02-13,21.7,1.8,34.1
Birmingham,2024-02-08,23.4,1.8,45.7
Edinburgh,2024-01-21,16.1,8.6,5.7
Glasgow,2024-06-01,10.0,2.9,25.6
London,2024-09-26,18.9,19.2,40.2
Cardiff,2024-03-11,15.1,5.1,23.3
Manchester,2024-02-25,13.3,6.8,19.9
Birmingham,2024-02-20,12.1,15.7,14.1
Edinburgh,2024-03-26,-0.8,15.0,11.5
Glasgow,2024-05-20,20.4,9.3,13.9
London,2024-05-07,15.1,3.9,30.4
Cardiff,2024-05-19,17.3,0.3,5.6
Manchester,2024-05-21,28.1,19.8,33.8
Birmingham,2024-06-02,15.2,9.8,23.3
Edinburgh,2024-10-01,-4.9,10.7,8.1
Glasgow,2024-09-28,26.0,4.1,0.3
London,2024-09-17,-3.3,0.8,47.3
Cardiff,2024-11-18,27.9,5.8,29.1
Manchester,2024-02-25,25.1,7.1,15.4
Birmingham,2024-10-04,25.9,11.1,35.7
Edinburgh,2024-06-29,27.2,14.9,33.3
Glasgow,2024-02-16,23.9,12.8,47.5
London,2024-08-08,21.4,3.4,12.6
Cardiff,2024-05-16,6.2,13.5,24.8
Manchester,2024-06-18,-0.7,5.4,48.7
Birmingham,2024-11-23,8.0,5.2,13.6
Edinburgh,2024-01-27,-4.7,8.1,14.3
Glasgow,2024-09-22,21.2,11.4,48.1
London,2024-11-07,5.6,10.3,33.4
Cardiff,2024-11-02,-2.8,17.5,35.7
Manchester,2024-10-20,16.5,13.8,45.7
Birmingham,2024-11-10,16.1,17.3,6.9
Edinburgh,2024-10-07,26.1,1.5,19.2
Glasgow,2024-02-13,28.4,16.0,2.9
London,2024-06-03,26.8,18.2,45.2
Cardiff,2024-09-30,28.3,2.9,14.5
Manchester,2024-09-18,-0.7,14.5,47.5
Birmingham,2024-04-24,21.4,19.5,5.1
Edinburgh,2024-05-07,13.9,6.5,42.4
Glasgow,2024-09-28,29.8,16.1,46.9
London,2024-01-03,-4.3,10.5,0.2
Cardiff,2024-05-08,7.8,17.7,42.1
Manchester,2024-10-05,-1.9,12.1,39.7
Birmingham,2024-04-30,0.0,0.3,39.6
Edinburgh,2024-11-21,2.9,8.4,48.6
Glasgow,2024-04-11,2.6,0.2,32.5
London,2024-09-26,-4.7,5.1,42.5
Cardiff,2024-11-18,20.9,1.7,25.9
Manchester,2024-05-20,16.9,0.7,9.9
Birmingham,2024-09-20,6.9,15.4,12.9
Edinburgh,2024-04-10,11.0,18.4,16.9
Glasgow,2024-08-29,26.3,8.4,44.8
London,2024-10-25,-2.2,12.2,32.8
Cardiff,2024-07-01,22.6,5.9,6.8
Manchester,2024-06-20,22.8,5.0,43.9
Birmingham,2024-01-14,4.6,11.7,9.9
Edinburgh,2024-05-18,2.3,15.0,28.7
Glasgow,2024-03-25,12.6,9.6,17.7
London,2024-03-31,21.5,0.2,26.4
Cardiff,2024-09-01,13.1,18.4,42.7
Manchester,2024-05-06,22.1,9.9,2.4
Birmingham,2024-03-18,9.0,17.9,44.1
Edinburgh,2024-09-25,20.0,15.2,32.6
Glasgow,2024-11-03,14.6,11.0,4.3
London,2024-10-10,17.1,16.4,22.9
Cardiff,2024-07-21,29.3,7.0,4.5
Manchester,2024-10-13,-2.1,17.8,22.5
Birmingham,2024-09-05,29.2,15.6,30.3
Edinburgh,2024-10-04,14.5,13.5,44.5
Glasgow,2024-03-21,18.4,16.9,27.4
London,2024-03-24,5.2,1.8,39.1
Cardiff,2024-02-29,26.7,14.8,44.2
Manchester,2024-12-11,-1.2,15.2,48.2
Birmingham,2024-04-14,7.2,10.5,36.0
Edinburgh,2024-10-04,22.1,7.4,4.6
Glasgow,2024-02-18,23.0,4.8,27.7
London,2024-07-08,5.6,9.3,13.7
Cardiff,2024-02-09,24.1,1.9,15.1
Manchester,2024-09-25,4.3,10.1,8.5
Birmingham,2024-04-21,19.4,9.7,35.1
Edinburgh,2024-03-30,19.1,3.6,11.1
Glasgow,2024-04-05,8.8,11.7,2.8
London,2024-04-23,28.5,0.6,48.7
Cardiff,2024-05-29,14.7,2.1,36.5
Manchester,2024-11-28,12.4,11.6,43.0
Birmingham,2024-11-09,4.4,8.2,34.1
Edinburgh,2024-04-07,2.3,10.9,16.9
Glasgow,2024-07-21,14.1,3.2,30.6
London,2024-05-23,25.5,7.5,38.8
Cardiff,2024-07-31,12.9,11.8,45.9
Manchester,2024-10-26,-4.3,11.7,41.5
Birmingham,2024-10-10,24.8,14.1,13.8
Edinburgh,2024-03-01,15.1,19.6,38.3
Glasgow,2024-05-29,13.1,15.1,25.0
London,2024-07-04,9.1,12.9,39.6
Cardiff,2024-02-03,-1.2,0.9,30.7
Manchester,2024-10-02,29.2,7.1,19.7
Birmingham,2024-03-02,-1.9,4.5,20.5
Edinburgh,2024-07-09,-4.3,16.4,16.1
Glasgow,2024-02-16,23.6,12.9,28.9
London,2024-01-22,8.0,2.2,31.3
Cardiff,2024-04-19,4.8,16.3,8.8
Manchester,2024-02-22,5.3,19.3,19.3
Birmingham,2024-05-03,1.7,17.3,39.9
Edinburgh,2024-10-16,14.8,14.7,31.0
Glasgow,2024-01-20,2.5,6.9,44.0
London,2024-07-21,8.8,12.9,37.3
Cardiff,2024-08-15,26.7,10.1,5.9
Manchester,2024-12-04,16.7,0.5,11.9
Birmingham,2024-06-03,12.7,9.3,25.4
Edinburgh,2024-07-04,7.2,15.9,11.4
Glasgow,2024-05-13,24.7,6.6,29.1
London,2024-12-01,28.8,1.2,7.5
Cardiff,2024-10-13,2.9,0.9,37.2
Manchester,2024-09-19,12.8,3.9,5.8
Birmingham,2024-02-09,18.8,3.8,22.1
Edinburgh,2024-10-28,13.4,11.6,27.1
Glasgow,2024-11-04,29.8,9.5,13.0
London,2024-03-17,-3.4,10.8,38.6
Cardiff,2024-11-05,27.7,2.2,42.8
Manchester,2024-05-04,3.9,10.9,7.4
Birmingham,2024-06-01,25.0,1.9,47.9
Edinburgh,2024-12-07,26.9,4.9,3.2
Glasgow,2024-01-19,10.3,12.0,39.4
London,2024-03-31,14.3,14.9,8.3
Cardiff,2024-08-04,3.0,14.2,27.5
Manchester,2024-09-08,18.2,13.9,43.3
Birmingham,2024-01-22,-3.8,1.6,11.9
Edinburgh,2024-09-11,12.7,7.6,14.5
Glasgow,2024-06-10,14.2,12.0,23.9
London,2024-01-10,25.4,0.4,45.8
Cardiff,2024-07-21,13.6,7.7,21.6
Manchester,2024-09-11,-0.8,18.4,49.0
Birmingham,2024-02-29,6.1,16.4,9.5
Edinburgh,2024-02-19,25.4,13.5,7.9
Glasgow,2024-01-23,0.9,1.6,32.0
London,2024-08-28,-2.4,14.4,10.9
Cardiff,2024-06-27,15.2,10.5,38.4
Manchester,2024-08-16,17.8,18.0,37.1
Birmingham,2024-07-13,7.8,11.2,25.8
Edinburgh,2024-05-08,21.7,5.7,13.0
Glasgow,2024-07-04,19.6,4.7,25.8
London,2024-01-09,20.1,14.7,33.8
Cardiff,2024-11-01,24.6,11.5,1.4
Manchester,2024-11-11,13.0,9.2,22.0
Birmingham,2024-06-14,-2.1,7.8,14.8
Edinburgh,2024-10-16,0.3,2.3,23.3
Glasgow,2024-01-26,-2.2,12.5,1.3
London,2024-02-23,7.6,12.5,2.7
Cardiff,2024-05-10,12.4,4.1,15.6
Manchester,2024-08-22,25.7,10.7,2.6
Birmingham,2024-01-26,16.6,5.1,47.7
Edinburgh,2024-06-11,19.2,1.2,25.1
Glasgow,2024-08-14,8.5,4.6,15.4
London,2024-08-01,27.2,18.9,42.0
Cardiff,2024-01-12,-1.3,14.8,4.0
Manchester,2024-11-06,22.1,3.0,9.3
Birmingham,2024-01-24,11.1,6.7,44.1
Edinburgh,2024-07-14,2.0,18.3,11.3
Glasgow,2024-01-11,4.5,1.0,32.0
London,2024-09-01,-0.5,15.1,6.6
Cardiff,2024-02-18,5.7,15.6,38.9
Manchester,2024-01-01,22.7,16.9,0.6
Birmingham,2024-06-30,3.9,14.6,39.9
Edinburgh,2024-10-20,3.9,0.8,45.7
Glasgow,2024-07-16,-2.4,19.4,8.3
London,2024-06-11,0.9,7.2,36.4
Cardiff,2024-10-26,1.5,1.4,33.2
Manchester,2024-01-08,9.7,19.7,40.9
Birmingham,2024-06-12,9.2,7.8,47.6
Edinburgh,2024-03-02,16.6,14.9,3.3
Glasgow,2024-10-21,3.2,5.9,42.7
London,2024-04-06,17.8,10.0,10.2
Cardiff,2024-02-01,21.9,16.1,25.0
Manchester,2024-03-30,4.5,9.9,32.2
Birmingham,2024-07-10,5.7,8.8,18.9
Edinburgh,2024-05-01,3.5,17.1,16.6
Glasgow,2024-08-07,15.0,1.3,33.3
London,2024-04-13,15.5,9.9,13.9
Cardiff,2024-10-18,3.8,12.1,36.6
Manchester,2024-05-08,26.2,5.1,30.3
Birmingham,2024-08-19,22.7,13.5,25.9
Edinburgh,2024-03-20,9.7,6.3,21.6
Glasgow,2024-09-18,-1.6,1.4,9.2
London,2024-10-18,15.3,14.3,17.3
Cardiff,2024-02-26,25.3,1.0,39.2
Manchester,2024-10-11,-2.8,7.9,45.0
Birmingham,2024-01-26,3.1,0.6,2.1
Edinburgh,2024-01-10,24.2,12.2,28.4
Glasgow,2024-10-02,5.6,6.0,35.0
London,2024-06-01,7.1,4.6,35.3
Cardiff,2024-03-16,-4.3,12.0,8.8
Manchester,2024-02-10,25.4,13.8,34.6
Birmingham,2024-08-17,19.8,16.3,27.9
Edinburgh,2024-11-13,-3.3,5.4,34.2
Glasgow,2024-07-08,-2.4,4.2,13.7
London,2024-12-04,28.4,7.9,16.5
Cardiff,2024-12-03,2.8,15.4,46.0
Manchester,2024-05-01,17.0,1.6,41.4
Birmingham,2024-10-31,-3.3,3.3,43.7
Edinburgh,2024-05-03,-4.5,2.2,14.9
Glasgow,2024-06-12,20.3,10.1,42.2
London,2024-08-18,2.9,3.8,39.4
Cardiff,2024-10-19,25.2,15.4,5.5
Manchester,2024-04-19,11.3,19.2,34.4
Birmingham,2024-07-24,15.0,12.7,1.7
Edinburgh,2024-03-02,11.1,14.2,45.3
Glasgow,2024-04-28,9.4,2.7,45.8
London,2024-06-14,28.7,15.0,2.0
Cardiff,2024-01-02,17.4,7.5,39.8
Manchester,2024-09-06,11.4,17.4,19.9
Birmingham,2024-09-15,18.1,13.3,23.7
Edinburgh,2024-09-23,2.3,6.7,10.2
Glasgow,2024-03-10,-0.7,5.0,14.9
London,2024-01-26,7.8,11.5,22.9
Cardiff,2024-09-05,20.4,5.8,29.7
Manchester,2024-01-15,24.6,6.8,37.0
Birmingham,2024-01-02,1.2,17.0,2.1
Edinburgh,2024-05-13,18.6,4.2,16.1
Glasgow,2024-11-21,25.4,17.6,43.4
London,2024-03-20,15.0,4.8,38.7
Cardiff,2024-11-29,14.1,19.9,26.4
Manchester,2024-01-28,15.0,0.7,6.4
Birmingham,2024-08-06,-4.2,10.2,45.9
Edinburgh,2024-06-13,24.2,11.9,46.1
Glasgow,2024-04-12,5.5,1.4,20.6
London,2024-08-29,3.2,3.1,15.6
Cardiff,2024-04-09,18.5,17.8,23.6
Manchester,2024-05-12,-1.7,2.1,16.8
Birmingham,2024-08-04,11.2,5.9,36.2
Edinburgh,2024-09-20,21.5,17.0,36.7
Glasgow,2024-03-22,-3.2,15.0,15.0
London,2024-04-01,1.0,15.8,11.8
Cardiff,2024-03-01,4.1,14.4,4.8
Manchester,2024-10-22,16.5,8.1,19.9
Birmingham,2024-02-26,22.0,5.6,40.3
Edinburgh,2024-11-04,16.0,1.5,28.0
Glasgow,2024-06-05,11.2,12.5,3.2
London,2024-08-22,-1.4,12.9,2.1
Cardiff,2024-07-12,17.8,13.3,31.6
Manchester,2024-09-19,10.4,11.4,6.6
Birmingham,2024-07-03,29.5,12.5,2.5
Edinburgh,2024-02-26,0.3,9.3,4.0
Glasgow,2024-04-12,7.5,11.7,38.6
London,2024-05-01,9.2,5.6,31.4
Cardiff,2024-05-24,27.1,19.3,23.6
Manchester,2024-03-22,27.1,13.0,48.3
Birmingham,2024-06-07,25.9,2.7,49.6
Edinburgh,2024-05-18,3.8,6.5,20.7
Glasgow,2024-12-08,11.7,10.5,8.7
London,2024-06-13,29.5,3.6,40.4
Cardiff,2024-11-14,23.6,1.5,0.5
Manchester,2024-07-19,29.5,8.4,46.9
Birmingham,2024-11-10,28.8,11.5,42.7
Edinburgh,2024-09-23,-2.4,0.4,9.9
Glasgow,2024-07-25,-3.1,4.3,12.9
London,2024-02-13,8.3,18.9,30.5
Cardiff,2024-11-16,9.8,15.2,25.8
Manchester,2024-07-20,18.8,10.1,6.5
Birmingham,2024-09-12,7.9,3.9,49.6
Edinburgh,2024-03-11,5.3,3.1,21.2
Glasgow,2024-10-06,20.3,16.8,4.9
London,2024-06-12,25.5,16.5,43.0
Cardiff,2024-06-19,9.7,18.7,41.4
Manchester,2024-09-21,26.1,2.7,2.9
Birmingham,2024-07-24,5.6,4.3,6.3
Edinburgh,2024-02-04,0.1,19.5,17.2
Glasgow,2024-11-28,8.2,1.4,36.9
London,2024-03-26,7.9,9.3,39.8
Cardiff,2024-11-17,10.1,18.6,37.1
Manchester,2024-03-17,17.0,3.9,36.5
Birmingham,2024-09-28,4.2,0.2,3.3
Edinburgh,2024-05-10,23.6,15.5,25.2
Glasgow,2024-05-09,11.6,7.4,43.0
London,2024-02-21,-1.9,11.6,7.1
Cardiff,2024-02-22,22.8,15.0,12.7
Manchester,2024-04-25,14.7,15.4,20.7
Birmingham,2024-01-03,10.4,12.3,24.5
Edinburgh,2024-02-02,8.4,18.3,1.9
Glasgow,2024-02-20,-4.2,3.4,33.9
London,2024-10-13,4.5,14.8,23.0
Cardiff,2024-02-23,10.9,6.6,40.0
Manchester,2024-04-22,-2.1,1.6,3.4
Birmingham,2024-08-28,12.6,18.0,12.1
Edinburgh,2024-11-25,9.6,11.7,37.2
Glasgow,2024-11-28,21.3,19.4,31.7
London,2024-03-12,1.2,14.6,16.1
Cardiff,2024-02-02,17.5,12.2,0.0
Manchester,2024-06-02,20.1,6.3,14.4
Birmingham,2024-02-09,21.5,15.1,20.4
Edinburgh,2024-03-17,29.0,11.0,28.4
Glasgow,2024-04-22,-2.8,7.0,21.8
London,2024-06-24,23.3,13.2,49.7
Cardiff,2024-10-23,15.2,12.3,16.2
Manchester,2024-07-01,4.2,17.8,15.8
Birmingham,2024-02-07,2.6,7.2,49.7
Edinburgh,2024-01-18,3.0,13.7,16.8
Glasgow,2024-12-05,23.0,18.6,12.5
London,2024-04-21,-4.1,9.3,45.2
Cardiff,2024-09-15,2.8,13.3,3.8
Manchester,2024-01-29,-2.2,8.6,47.0
Birmingham,2024-04-02,3.1,19.0,13.0
Edinburgh,2024-02-28,25.2,16.4,16.8
Glasgow,2024-09-22,4.4,13.3,12.0
London,2024-02-18,11.7,18.0,20.4
Cardiff,2024-06-23,-4.9,3.0,0.2
Manchester,2024-06-14,21.6,15.8,31.1
Birmingham,2024-02-03,19.4,8.0,15.7
Edinburgh,2024-07-04,0.6,9.4,17.5
Glasgow,2024-08-24,7.8,8.6,45.0
London,2024-09-26,-4.4,8.2,4.0
Cardiff,2024-04-29,15.6,15.3,14.7
Manchester,2024-02-02,23.3,3.4,45.4
Birmingham,2024-10-15,25.7,5.6,49.3
Edinburgh,2024-06-28,17.1,12.9,34.7
Glasgow,2024-11-21,12.7,18.6,16.6
London,2024-08-15,9.5,2.5,2.2
Cardiff,2024-02-02,2.6,19.3,38.0
Manchester,2024-05-01,4.8,13.9,15.0
Birmingham,2024-08-29,12.2,15.7,48.4
Edinburgh,2024-01-25,16.7,11.2,33.8
Glasgow,2024-07-18,26.5,18.2,31.8
London,2024-07-09,9.2,7.0,20.6
Cardiff,2024-07-19,12.8,13.4,19.5
Manchester,2024-07-22,10.8,19.9,33.9
Birmingham,2024-10-07,3.3,11.3,48.4
Edinburgh,2024-09-03,3.7,12.9,28.6
Glasgow,2024-09-14,19.3,8.6,36.8
London,2024-07-05,2.5,9.0,34.7
Cardiff,2024-11-01,9.8,12.0,27.4
Manchester,2024-09-26,5.0,7.4,34.3
Birmingham,2024-07-05,15.4,17.7,8.4
Edinburgh,2024-04-07,19.2,17.1,39.9
Glasgow,2024-05-18,28.5,7.9,32.7
London,2024-08-26,-0.4,11.3,18.3
Cardiff,2024-04-23,29.1,10.6,12.7
Manchester,2024-11-14,21.4,0.3,29.8
Birmingham,2024-11-04,8.9,2.3,39.3
Edinburgh,2024-11-12,14.7,4.8,4.9
Glasgow,2024-04-10,0.1,15.1,22.6
London,2024-07-09,-3.6,14.5,0.4
Cardiff,2024-02-25,17.3,4.8,33.8
Manchester,2024-02-25,-1.1,17.4,12.3
Birmingham,2024-01-26,24.4,7.0,43.3
Edinburgh,2024-10-01,11.7,9.5,15.5
Glasgow,2024-01-27,23.3,8.9,41.4
London,2024-07-24,-3.4,9.4,14.3
Cardiff,2024-10-08,10.7,9.1,33.5
Manchester,2024-09-01,13.9,9.0,3.2
Birmingham,2024-06-12,3.7,14.8,8.0
Edinburgh,2024-06-02,1.9,17.2,19.5
Glasgow,2024-01-10,29.6,14.1,11.2
London,2024-05-31,28.4,12.0,30.2
Cardiff,2024-07-02,-4.2,9.3,24.9
Manchester,2024-09-13,9.6,5.2,42.7
Birmingham,2024-06-25,13.2,1.4,6.2
Edinburgh,2024-11-16,9.9,1.5,24.4
Glasgow,2024-05-07,-0.6,15.0,4.5
London,2024-06-01,2.1,5.5,13.2
Cardiff,2024-03-01,21.5,4.6,1.9
Manchester,2024-07-30,4.9,1.3,23.2
Birmingham,2024-08-16,18.3,15.9,42.0
Edinburgh,2024-02-16,4.9,4.2,25.5
Glasgow,2024-03-01,-0.2,12.2,15.0
